GRAND PRIX,DATE,WINNER,CAR,LAPS,TIME,Total_Seconds,Hours,Minutes,Seconds
Great Britain,1950-05-13,Nino Farina,ALFA ROMEO,70,0 days 02:13:23,8003,2,13,23
Monaco,1950-05-21,Juan Manuel Fangio,ALFA ROMEO,100,0 days 03:13:18,11598,3,13,18
United States,1950-05-30,Johnnie Parsons,KURTIS KRAFT OFFENHAUSER,138,0 days 02:46:55,10015,2,46,55
Switzerland,1950-06-04,Nino Farina,ALFA ROMEO,42,0 days 02:02:53,7373,2,2,53
Belgium,1950-06-18,Juan Manuel Fangio,ALFA ROMEO,35,0 days 02:47:26,10046,2,47,26
France,1950-07-02,Juan Manuel Fangio,ALFA ROMEO,64,0 days 02:57:52,10672,2,57,52
Italy,1950-09-03,Nino Farina,ALFA ROMEO,80,0 days 02:51:17,10277,2,51,17
Switzerland,1951-05-27,Juan Manuel Fangio,ALFA ROMEO,42,0 days 02:07:53,7673,2,7,53
United States,1951-05-30,Lee Wallard,KURTIS KRAFT OFFENHAUSER,200,0 days 03:57:38,14258,3,57,38
Belgium,1951-06-17,Nino Farina,ALFA ROMEO,36,0 days 02:45:46,9946,2,45,46
France,1951-07-01,Juan Manuel Fangio,ALFA ROMEO,77,0 days 03:22:11,12131,3,22,11
Great Britain,1951-07-14,Jose Froilan Gonzalez,FERRARI,90,0 days 02:42:18,9738,2,42,18
Germany,1951-07-29,Alberto Ascari,FERRARI,20,0 days 03:23:03,12183,3,23,3
Italy,1951-09-16,Alberto Ascari,FERRARI,80,0 days 02:42:39,9759,2,42,39
Spain,1951-10-28,Juan Manuel Fangio,ALFA ROMEO,70,0 days 02:46:54,10014,2,46,54
Switzerland,1952-05-18,Piero Taruffi,FERRARI,62,0 days 03:01:46,10906,3,1,46
United States,1952-05-30,Troy Ruttman,KUZMA OFFENHAUSER,200,0 days 03:52:41,13961,3,52,41
Belgium,1952-06-22,Alberto Ascari,FERRARI,36,0 days 03:03:46,11026,3,3,46
France,1952-07-06,Alberto Ascari,FERRARI,77,0 days 03:00:00,10800,3,0,0
Great Britain,1952-07-19,Alberto Ascari,FERRARI,85,0 days 02:44:11,9851,2,44,11
Germany,1952-08-03,Alberto Ascari,FERRARI,18,0 days 03:06:13,11173,3,6,13
Netherlands,1952-08-17,Alberto Ascari,FERRARI,90,0 days 02:53:28,10408,2,53,28
Italy,1952-09-07,Alberto Ascari,FERRARI,80,0 days 02:50:45,10245,2,50,45
Argentina,1953-01-18,Alberto Ascari,FERRARI,97,0 days 03:01:04,10864,3,1,4
United States,1953-05-30,Bill Vukovich,KURTIS KRAFT OFFENHAUSER,200,0 days 03:53:01,13981,3,53,1
Netherlands,1953-06-07,Alberto Ascari,FERRARI,90,0 days 02:53:35,10415,2,53,35
Belgium,1953-06-21,Alberto Ascari,FERRARI,36,0 days 02:48:30,10110,2,48,30
France,1953-07-05,Mike Hawthorn,FERRARI,60,0 days 02:44:18,9858,2,44,18
Great Britain,1953-07-18,Alberto Ascari,FERRARI,90,0 days 02:50:00,10200,2,50,0
Germany,1953-08-02,Nino Farina,FERRARI,18,0 days 03:02:25,10945,3,2,25
Switzerland,1953-08-23,Alberto Ascari,FERRARI,65,0 days 03:01:34,10894,3,1,34
Italy,1953-09-13,Juan Manuel Fangio,MASERATI,80,0 days 02:49:45,10185,2,49,45
Argentina,1954-01-17,Juan Manuel Fangio,MASERATI,87,0 days 03:00:55,10855,3,0,55
United States,1954-05-31,Bill Vukovich,KURTIS KRAFT OFFENHAUSER,200,0 days 03:49:17,13757,3,49,17
Belgium,1954-06-20,Juan Manuel Fangio,MASERATI,36,0 days 02:44:42,9882,2,44,42
France,1954-07-04,Juan Manuel Fangio,MERCEDES-BENZ,61,0 days 02:42:47,9767,2,42,47
Great Britain,1954-07-17,Jose Froilan Gonzalez,FERRARI,90,0 days 02:56:14,10574,2,56,14
Germany,1954-08-01,Juan Manuel Fangio,MERCEDES-BENZ,22,0 days 03:45:45,13545,3,45,45
Switzerland,1954-08-22,Juan Manuel Fangio,MERCEDES-BENZ,66,0 days 03:00:34,10834,3,0,34
Italy,1954-09-05,Juan Manuel Fangio,MERCEDES-BENZ,80,0 days 02:47:47,10067,2,47,47
Spain,1954-10-24,Mike Hawthorn,FERRARI,80,0 days 03:13:52,11632,3,13,52
Argentina,1955-01-16,Juan Manuel Fangio,MERCEDES-BENZ,96,0 days 03:00:38,10838,3,0,38
Monaco,1955-05-22,Maurice Trintignant,FERRARI,100,0 days 02:58:09,10689,2,58,9
United States,1955-05-30,Bob Sweikert,KURTIS KRAFT OFFENHAUSER,200,0 days 03:53:59,14039,3,53,59
Belgium,1955-06-05,Juan Manuel Fangio,MERCEDES-BENZ,36,0 days 02:39:29,9569,2,39,29
Netherlands,1955-06-19,Juan Manuel Fangio,MERCEDES-BENZ,100,0 days 02:54:23,10463,2,54,23
Great Britain,1955-07-16,Stirling Moss,MERCEDES-BENZ,90,0 days 03:07:21,11241,3,7,21
Italy,1955-09-11,Juan Manuel Fangio,MERCEDES-BENZ,50,0 days 02:25:04,8704,2,25,4
Argentina,1956-01-22,Juan Manuel Fangio,FERRARI,98,0 days 03:00:03,10803,3,0,3
Monaco,1956-05-13,Stirling Moss,MASERATI,100,0 days 03:00:32,10832,3,0,32
United States,1956-05-30,Pat Flaherty,WATSON OFFENHAUSER,200,0 days 03:53:28,14008,3,53,28
Belgium,1956-06-03,Peter Collins,FERRARI,36,0 days 02:40:00,9600,2,40,0
France,1956-07-01,Peter Collins,FERRARI,61,0 days 02:34:23,9263,2,34,23
Great Britain,1956-07-14,Juan Manuel Fangio,FERRARI,101,0 days 02:59:47,10787,2,59,47
Germany,1956-08-05,Juan Manuel Fangio,FERRARI,22,0 days 03:38:43,13123,3,38,43
Italy,1956-09-02,Stirling Moss,MASERATI,50,0 days 02:23:41,8621,2,23,41
Argentina,1957-01-13,Juan Manuel Fangio,MASERATI,100,0 days 03:00:55,10855,3,0,55
Monaco,1957-05-19,Juan Manuel Fangio,MASERATI,105,0 days 03:10:12,11412,3,10,12
United States,1957-05-30,Sam Hanks,EPPERLY OFFENHAUSER,200,0 days 03:41:14,13274,3,41,14
France,1957-07-07,Juan Manuel Fangio,MASERATI,77,0 days 03:07:46,11266,3,7,46
Great Britain,1957-07-20,Stirling Moss,VANWALL,90,0 days 03:06:37,11197,3,6,37
Germany,1957-08-04,Juan Manuel Fangio,MASERATI,22,0 days 03:30:38,12638,3,30,38
Italy,1957-08-18,Stirling Moss,VANWALL,18,0 days 02:59:22,10762,2,59,22
Italy,1957-09-08,Stirling Moss,VANWALL,87,0 days 02:35:03,9303,2,35,3
Argentina,1958-01-19,Stirling Moss,COOPER CLIMAX,80,0 days 02:19:33,8373,2,19,33
Monaco,1958-05-18,Maurice Trintignant,COOPER CLIMAX,100,0 days 02:52:27,10347,2,52,27
Netherlands,1958-05-26,Stirling Moss,VANWALL,75,0 days 02:04:49,7489,2,4,49
United States,1958-05-30,Jimmy Bryan,EPPERLY OFFENHAUSER,200,0 days 03:44:13,13453,3,44,13
Belgium,1958-06-15,Tony Brooks,VANWALL,24,0 days 01:37:06,5826,1,37,6
France,1958-07-06,Mike Hawthorn,FERRARI,50,0 days 02:03:21,7401,2,3,21
Great Britain,1958-07-19,Peter Collins,FERRARI,75,0 days 02:09:04,7744,2,9,4
Germany,1958-08-03,Tony Brooks,VANWALL,15,0 days 02:21:15,8475,2,21,15
Portugal,1958-08-24,Stirling Moss,VANWALL,50,0 days 02:11:27,7887,2,11,27
Italy,1958-09-07,Tony Brooks,VANWALL,70,0 days 02:03:47,7427,2,3,47
Morocco,1958-10-19,Stirling Moss,VANWALL,53,0 days 02:09:15,7755,2,9,15
Monaco,1959-05-10,Jack Brabham,COOPER CLIMAX,100,0 days 02:55:51,10551,2,55,51
United States,1959-05-30,Rodger Ward,WATSON OFFENHAUSER,200,0 days 03:40:49,13249,3,40,49
Netherlands,1959-05-31,Jo Bonnier,BRM,75,0 days 02:05:26,7526,2,5,26
France,1959-07-05,Tony Brooks,FERRARI,50,0 days 02:01:26,7286,2,1,26
Great Britain,1959-07-18,Jack Brabham,COOPER CLIMAX,75,0 days 02:30:11,9011,2,30,11
Germany,1959-08-02,Tony Brooks,FERRARI,60,0 days 02:09:31,7771,2,9,31
Portugal,1959-08-23,Stirling Moss,COOPER CLIMAX,62,0 days 02:11:55,7915,2,11,55
Italy,1959-09-13,Stirling Moss,COOPER CLIMAX,72,0 days 02:04:05,7445,2,4,5
United States,1959-12-12,Bruce McLaren,COOPER CLIMAX,42,0 days 02:12:35,7955,2,12,35
Argentina,1960-02-07,Bruce McLaren,COOPER CLIMAX,80,0 days 02:17:49,8269,2,17,49
Monaco,1960-05-29,Stirling Moss,LOTUS CLIMAX,100,0 days 02:53:45,10425,2,53,45
United States,1960-05-30,Jim Rathmann,WATSON OFFENHAUSER,200,0 days 03:36:11,12971,3,36,11
Netherlands,1960-06-06,Jack Brabham,COOPER CLIMAX,75,0 days 02:01:47,7307,2,1,47
Belgium,1960-06-19,Jack Brabham,COOPER CLIMAX,36,0 days 02:21:37,8497,2,21,37
France,1960-07-03,Jack Brabham,COOPER CLIMAX,50,0 days 01:57:24,7044,1,57,24
Great Britain,1960-07-16,Jack Brabham,COOPER CLIMAX,77,0 days 02:04:24,7464,2,4,24
Portugal,1960-08-14,Jack Brabham,COOPER CLIMAX,55,0 days 02:19:00,8340,2,19,0
Italy,1960-09-04,Phil Hill,FERRARI,50,0 days 02:21:09,8469,2,21,9
United States,1960-11-20,Stirling Moss,LOTUS CLIMAX,75,0 days 02:28:52,8932,2,28,52
Monaco,1961-05-14,Stirling Moss,LOTUS CLIMAX,100,0 days 02:45:50,9950,2,45,50
Netherlands,1961-05-22,Wolfgang von Trips,FERRARI,75,0 days 02:01:52,7312,2,1,52
Belgium,1961-06-18,Phil Hill,FERRARI,30,0 days 02:03:03,7383,2,3,3
France,1961-07-02,Giancarlo Baghetti,FERRARI,52,0 days 02:14:17,8057,2,14,17
Great Britain,1961-07-15,Wolfgang von Trips,FERRARI,75,0 days 02:40:53,9653,2,40,53
Germany,1961-08-06,Stirling Moss,LOTUS CLIMAX,15,0 days 02:18:12,8292,2,18,12
Italy,1961-09-10,Phil Hill,FERRARI,43,0 days 02:03:13,7393,2,3,13
United States,1961-10-08,Innes Ireland,LOTUS CLIMAX,100,0 days 02:13:45,8025,2,13,45
Netherlands,1962-05-20,Graham Hill,BRM,80,0 days 02:11:02,7862,2,11,2
Monaco,1962-06-03,Bruce McLaren,COOPER CLIMAX,100,0 days 02:46:29,9989,2,46,29
Belgium,1962-06-17,Jim Clark,LOTUS CLIMAX,32,0 days 02:07:32,7652,2,7,32
France,1962-07-08,Dan Gurney,PORSCHE,54,0 days 02:07:35,7655,2,7,35
Great Britain,1962-07-21,Jim Clark,LOTUS CLIMAX,75,0 days 02:26:20,8780,2,26,20
Germany,1962-08-05,Graham Hill,BRM,15,0 days 02:38:45,9525,2,38,45
Italy,1962-09-16,Graham Hill,BRM,86,0 days 02:29:08,8948,2,29,8
United States,1962-10-07,Jim Clark,LOTUS CLIMAX,100,0 days 02:07:13,7633,2,7,13
South Africa,1962-12-29,Graham Hill,BRM,82,0 days 02:08:03,7683,2,8,3
Monaco,1963-05-26,Graham Hill,BRM,100,0 days 02:41:49,9709,2,41,49
Belgium,1963-06-09,Jim Clark,LOTUS CLIMAX,32,0 days 02:27:47,8867,2,27,47
Netherlands,1963-06-23,Jim Clark,LOTUS CLIMAX,80,0 days 02:08:13,7693,2,8,13
France,1963-06-30,Jim Clark,LOTUS CLIMAX,53,0 days 02:10:54,7854,2,10,54
Great Britain,1963-07-20,Jim Clark,LOTUS CLIMAX,82,0 days 02:14:09,8049,2,14,9
Germany,1963-08-04,John Surtees,FERRARI,15,0 days 02:13:06,7986,2,13,6
Italy,1963-09-08,Jim Clark,LOTUS CLIMAX,86,0 days 02:24:19,8659,2,24,19
United States,1963-10-06,Graham Hill,BRM,110,0 days 02:19:22,8362,2,19,22
Mexico,1963-10-27,Jim Clark,LOTUS CLIMAX,65,0 days 02:09:52,7792,2,9,52
South Africa,1963-12-28,Jim Clark,LOTUS CLIMAX,85,0 days 02:10:36,7836,2,10,36
Monaco,1964-05-10,Graham Hill,BRM,100,0 days 02:41:19,9679,2,41,19
Netherlands,1964-05-24,Jim Clark,LOTUS CLIMAX,80,0 days 02:07:35,7655,2,7,35
Belgium,1964-06-14,Jim Clark,LOTUS CLIMAX,32,0 days 02:06:40,7600,2,6,40
France,1964-06-28,Dan Gurney,BRABHAM CLIMAX,57,0 days 02:07:49,7669,2,7,49
Great Britain,1964-07-11,Jim Clark,LOTUS CLIMAX,80,0 days 02:15:07,8107,2,15,7
Germany,1964-08-02,John Surtees,FERRARI,15,0 days 02:12:04,7924,2,12,4
Austria,1964-08-23,Lorenzo Bandini,FERRARI,105,0 days 02:06:18,7578,2,6,18
Italy,1964-09-06,John Surtees,FERRARI,78,0 days 02:10:51,7851,2,10,51
United States,1964-10-04,Graham Hill,BRM,110,0 days 02:16:38,8198,2,16,38
Mexico,1964-10-25,Dan Gurney,BRABHAM CLIMAX,65,0 days 02:09:50,7790,2,9,50
South Africa,1965-01-01,Jim Clark,LOTUS CLIMAX,85,0 days 02:06:46,7606,2,6,46
Monaco,1965-05-30,Graham Hill,BRM,100,0 days 02:37:39,9459,2,37,39
Belgium,1965-06-13,Jim Clark,LOTUS CLIMAX,32,0 days 02:23:34,8614,2,23,34
France,1965-06-27,Jim Clark,LOTUS CLIMAX,40,0 days 02:14:38,8078,2,14,38
Great Britain,1965-07-10,Jim Clark,LOTUS CLIMAX,80,0 days 02:05:25,7525,2,5,25
Netherlands,1965-07-18,Jim Clark,LOTUS CLIMAX,80,0 days 02:03:59,7439,2,3,59
Germany,1965-08-01,Jim Clark,LOTUS CLIMAX,15,0 days 02:07:52,7672,2,7,52
Italy,1965-09-12,Jackie Stewart,BRM,76,0 days 02:04:52,7492,2,4,52
United States,1965-10-03,Graham Hill,BRM,110,0 days 02:20:36,8436,2,20,36
Mexico,1965-10-24,Richie Ginther,HONDA,65,0 days 02:08:32,7712,2,8,32
Monaco,1966-05-22,Jackie Stewart,BRM,100,0 days 02:33:10,9190,2,33,10
Belgium,1966-06-12,John Surtees,FERRARI,28,0 days 02:09:11,7751,2,9,11
France,1966-07-03,Jack Brabham,BRABHAM REPCO,48,0 days 01:48:31,6511,1,48,31
Great Britain,1966-07-16,Jack Brabham,BRABHAM REPCO,80,0 days 02:13:13,7993,2,13,13
Netherlands,1966-07-24,Jack Brabham,BRABHAM REPCO,90,0 days 02:20:32,8432,2,20,32
Germany,1966-08-07,Jack Brabham,BRABHAM REPCO,15,0 days 02:27:03,8823,2,27,3
Italy,1966-09-04,Ludovico Scarfiotti,FERRARI,68,0 days 01:47:14,6434,1,47,14
United States,1966-10-02,Jim Clark,LOTUS BRM,108,0 days 02:09:40,7780,2,9,40
Mexico,1966-10-23,John Surtees,COOPER MASERATI,65,0 days 02:06:35,7595,2,6,35
South Africa,1967-01-02,Pedro Rodriguez,COOPER MASERATI,80,0 days 02:05:45,7545,2,5,45
Monaco,1967-05-07,Denny Hulme,BRABHAM REPCO,100,0 days 02:34:34,9274,2,34,34
Netherlands,1967-06-04,Jim Clark,LOTUS FORD,90,0 days 02:14:45,8085,2,14,45
Belgium,1967-06-18,Dan Gurney,EAGLE WESLAKE,28,0 days 01:40:49,6049,1,40,49
France,1967-07-02,Jack Brabham,BRABHAM REPCO,80,0 days 02:13:21,8001,2,13,21
Great Britain,1967-07-15,Jim Clark,LOTUS FORD,80,0 days 01:59:25,7165,1,59,25
Germany,1967-08-06,Denny Hulme,BRABHAM REPCO,15,0 days 02:05:55,7555,2,5,55
Canada,1967-08-27,Jack Brabham,BRABHAM REPCO,90,0 days 02:40:40,9640,2,40,40
Italy,1967-09-10,John Surtees,HONDA,68,0 days 01:43:45,6225,1,43,45
United States,1967-10-01,Jim Clark,LOTUS FORD,108,0 days 02:03:13,7393,2,3,13
Mexico,1967-10-22,Jim Clark,LOTUS FORD,65,0 days 01:59:28,7168,1,59,28
South Africa,1968-01-01,Jim Clark,LOTUS FORD,80,0 days 01:53:56,6836,1,53,56
Spain,1968-05-12,Graham Hill,LOTUS FORD,90,0 days 02:15:20,8120,2,15,20
Monaco,1968-05-26,Graham Hill,LOTUS FORD,80,0 days 02:00:32,7232,2,0,32
Belgium,1968-06-09,Bruce McLaren,MCLAREN FORD,28,0 days 01:40:02,6002,1,40,2
Netherlands,1968-06-23,Jackie Stewart,MATRA FORD,90,0 days 02:46:11,9971,2,46,11
France,1968-07-07,Jacky Ickx,FERRARI,60,0 days 02:25:40,8740,2,25,40
Great Britain,1968-07-20,Jo Siffert,LOTUS FORD,80,0 days 02:01:20,7280,2,1,20
Germany,1968-08-04,Jackie Stewart,MATRA FORD,14,0 days 02:19:20,8360,2,19,20
Italy,1968-09-08,Denny Hulme,MCLAREN FORD,68,0 days 01:40:14,6014,1,40,14
Canada,1968-09-22,Denny Hulme,MCLAREN FORD,90,0 days 02:27:11,8831,2,27,11
United States,1968-10-06,Jackie Stewart,MATRA FORD,108,0 days 01:59:20,7160,1,59,20
Mexico,1968-11-03,Graham Hill,LOTUS FORD,65,0 days 01:56:43,7003,1,56,43
South Africa,1969-03-01,Jackie Stewart,MATRA FORD,80,0 days 01:50:39,6639,1,50,39
Spain,1969-05-04,Jackie Stewart,MATRA FORD,90,0 days 02:16:53,8213,2,16,53
Monaco,1969-05-18,Graham Hill,LOTUS FORD,80,0 days 01:56:59,7019,1,56,59
Netherlands,1969-06-21,Jackie Stewart,MATRA FORD,90,0 days 02:06:42,7602,2,6,42
France,1969-07-06,Jackie Stewart,MATRA FORD,38,0 days 01:56:47,7007,1,56,47
Great Britain,1969-07-19,Jackie Stewart,MATRA FORD,84,0 days 01:55:55,6955,1,55,55
Germany,1969-08-03,Jacky Ickx,BRABHAM FORD,14,0 days 01:49:55,6595,1,49,55
Italy,1969-09-07,Jackie Stewart,MATRA FORD,68,0 days 01:39:11,5951,1,39,11
Canada,1969-09-20,Jacky Ickx,BRABHAM FORD,90,0 days 01:59:25,7165,1,59,25
United States,1969-10-05,Jochen Rindt,LOTUS FORD,108,0 days 01:57:56,7076,1,57,56
Mexico,1969-10-19,Denny Hulme,MCLAREN FORD,65,0 days 01:54:08,6848,1,54,8
South Africa,1970-03-07,Jack Brabham,BRABHAM FORD,80,0 days 01:49:34,6574,1,49,34
Spain,1970-04-19,Jackie Stewart,MARCH FORD,90,0 days 02:10:58,7858,2,10,58
Monaco,1970-05-10,Jochen Rindt,LOTUS FORD,80,0 days 01:54:36,6876,1,54,36
Belgium,1970-06-07,Pedro Rodriguez,BRM,28,0 days 01:38:09,5889,1,38,9
Netherlands,1970-06-21,Jochen Rindt,LOTUS FORD,80,0 days 01:50:43,6643,1,50,43
France,1970-07-05,Jochen Rindt,LOTUS FORD,38,0 days 01:55:57,6957,1,55,57
Great Britain,1970-07-18,Jochen Rindt,LOTUS FORD,80,0 days 01:57:02,7022,1,57,2
Germany,1970-08-02,Jochen Rindt,LOTUS FORD,50,0 days 01:42:00,6120,1,42,0
Austria,1970-08-16,Jacky Ickx,FERRARI,60,0 days 01:42:17,6137,1,42,17
Italy,1970-09-06,Clay Regazzoni,FERRARI,68,0 days 01:39:06,5946,1,39,6
Canada,1970-09-20,Jacky Ickx,FERRARI,90,0 days 02:21:18,8478,2,21,18
United States,1970-10-04,Emerson Fittipaldi,LOTUS FORD,108,0 days 01:57:32,7052,1,57,32
Mexico,1970-10-25,Jacky Ickx,FERRARI,65,0 days 01:53:28,6808,1,53,28
South Africa,1971-03-06,Mario Andretti,FERRARI,79,0 days 01:47:35,6455,1,47,35
Spain,1971-04-18,Jackie Stewart,TYRRELL FORD,75,0 days 01:49:03,6543,1,49,3
Monaco,1971-05-23,Jackie Stewart,TYRRELL FORD,80,0 days 01:52:21,6741,1,52,21
Netherlands,1971-06-20,Jacky Ickx,FERRARI,70,0 days 01:56:20,6980,1,56,20
France,1971-07-04,Jackie Stewart,TYRRELL FORD,55,0 days 01:46:41,6401,1,46,41
Great Britain,1971-07-17,Jackie Stewart,TYRRELL FORD,68,0 days 01:31:31,5491,1,31,31
Germany,1971-08-01,Jackie Stewart,TYRRELL FORD,12,0 days 01:29:15,5355,1,29,15
Austria,1971-08-15,Jo Siffert,BRM,54,0 days 01:30:23,5423,1,30,23
Italy,1971-09-05,Peter Gethin,BRM,55,0 days 01:18:12,4692,1,18,12
Canada,1971-09-19,Jackie Stewart,TYRRELL FORD,64,0 days 01:55:12,6912,1,55,12
United States,1971-10-03,Francois Cevert,TYRRELL FORD,59,0 days 01:43:51,6231,1,43,51
Argentina,1972-01-23,Jackie Stewart,TYRRELL FORD,95,0 days 01:57:58,7078,1,57,58
South Africa,1972-03-04,Denny Hulme,MCLAREN FORD,79,0 days 01:45:49,6349,1,45,49
Spain,1972-05-01,Emerson Fittipaldi,LOTUS FORD,90,0 days 02:03:41,7421,2,3,41
Monaco,1972-05-14,Jean-Pierre Beltoise,BRM,80,0 days 02:26:54,8814,2,26,54
Belgium,1972-06-04,Emerson Fittipaldi,LOTUS FORD,85,0 days 01:44:06,6246,1,44,6
France,1972-07-02,Jackie Stewart,TYRRELL FORD,38,0 days 01:52:21,6741,1,52,21
Great Britain,1972-07-15,Emerson Fittipaldi,LOTUS FORD,76,0 days 01:47:50,6470,1,47,50
Germany,1972-07-30,Jacky Ickx,FERRARI,14,0 days 01:42:12,6132,1,42,12
Austria,1972-08-13,Emerson Fittipaldi,LOTUS FORD,54,0 days 01:29:16,5356,1,29,16
Italy,1972-09-10,Emerson Fittipaldi,LOTUS FORD,55,0 days 01:29:58,5398,1,29,58
Canada,1972-09-24,Jackie Stewart,TYRRELL FORD,80,0 days 01:43:16,6196,1,43,16
United States,1972-10-08,Jackie Stewart,TYRRELL FORD,59,0 days 01:41:45,6105,1,41,45
Argentina,1973-01-28,Emerson Fittipaldi,LOTUS FORD,96,0 days 01:56:18,6978,1,56,18
Brazil,1973-02-11,Emerson Fittipaldi,LOTUS FORD,40,0 days 01:43:55,6235,1,43,55
South Africa,1973-03-03,Jackie Stewart,TYRRELL FORD,79,0 days 01:43:11,6191,1,43,11
Spain,1973-04-29,Emerson Fittipaldi,LOTUS FORD,75,0 days 01:48:18,6498,1,48,18
Belgium,1973-05-20,Jackie Stewart,TYRRELL FORD,70,0 days 01:42:13,6133,1,42,13
Monaco,1973-06-03,Jackie Stewart,TYRRELL FORD,78,0 days 01:57:44,7064,1,57,44
Sweden,1973-06-17,Denny Hulme,MCLAREN FORD,80,0 days 01:56:46,7006,1,56,46
France,1973-07-01,Ronnie Peterson,LOTUS FORD,54,0 days 01:41:36,6096,1,41,36
Great Britain,1973-07-14,Peter Revson,MCLAREN FORD,67,0 days 01:29:18,5358,1,29,18
Netherlands,1973-07-29,Jackie Stewart,TYRRELL FORD,72,0 days 01:39:12,5952,1,39,12
Germany,1973-08-05,Jackie Stewart,TYRRELL FORD,14,0 days 01:42:03,6123,1,42,3
Austria,1973-08-19,Ronnie Peterson,LOTUS FORD,54,0 days 01:28:48,5328,1,28,48
Italy,1973-09-09,Ronnie Peterson,LOTUS FORD,55,0 days 01:29:17,5357,1,29,17
Canada,1973-09-23,Peter Revson,MCLAREN FORD,80,0 days 01:59:04,7144,1,59,4
United States,1973-10-07,Ronnie Peterson,LOTUS FORD,59,0 days 01:41:15,6075,1,41,15
Argentina,1974-01-13,Denny Hulme,MCLAREN FORD,53,0 days 01:41:02,6062,1,41,2
Brazil,1974-01-27,Emerson Fittipaldi,MCLAREN FORD,32,0 days 01:24:37,5077,1,24,37
South Africa,1974-03-30,Carlos Reutemann,BRABHAM FORD,78,0 days 01:42:40,6160,1,42,40
Spain,1974-04-28,Niki Lauda,FERRARI,84,0 days 02:00:29,7229,2,0,29
Belgium,1974-05-12,Emerson Fittipaldi,MCLAREN FORD,85,0 days 01:44:20,6260,1,44,20
Monaco,1974-05-26,Ronnie Peterson,LOTUS FORD,78,0 days 01:58:03,7083,1,58,3
Sweden,1974-06-09,Jody Scheckter,TYRRELL FORD,80,0 days 01:58:31,7111,1,58,31
Netherlands,1974-06-23,Niki Lauda,FERRARI,75,0 days 01:43:00,6180,1,43,0
France,1974-07-07,Ronnie Peterson,LOTUS FORD,80,0 days 01:21:55,4915,1,21,55
Great Britain,1974-07-20,Jody Scheckter,TYRRELL FORD,75,0 days 01:43:02,6182,1,43,2
Germany,1974-08-04,Clay Regazzoni,FERRARI,14,0 days 01:41:35,6095,1,41,35
Austria,1974-08-18,Carlos Reutemann,BRABHAM FORD,54,0 days 01:28:44,5324,1,28,44
Italy,1974-09-08,Ronnie Peterson,LOTUS FORD,52,0 days 01:22:56,4976,1,22,56
Canada,1974-09-22,Emerson Fittipaldi,MCLAREN FORD,80,0 days 01:40:26,6026,1,40,26
United States,1974-10-06,Carlos Reutemann,BRABHAM FORD,59,0 days 01:40:21,6021,1,40,21
Argentina,1975-01-12,Emerson Fittipaldi,MCLAREN FORD,53,0 days 01:39:26,5966,1,39,26
Brazil,1975-01-26,Carlos Pace,BRABHAM FORD,40,0 days 01:44:41,6281,1,44,41
South Africa,1975-03-01,Jody Scheckter,TYRRELL FORD,78,0 days 01:43:16,6196,1,43,16
Spain,1975-04-27,Jochen Mass,MCLAREN FORD,29,0 days 00:42:53,2573,0,42,53
Monaco,1975-05-11,Niki Lauda,FERRARI,75,0 days 02:01:21,7281,2,1,21
Belgium,1975-05-25,Niki Lauda,FERRARI,70,0 days 01:43:53,6233,1,43,53
Sweden,1975-06-08,Niki Lauda,FERRARI,80,0 days 01:59:18,7158,1,59,18
Netherlands,1975-06-22,James Hunt,HESKETH FORD,75,0 days 01:46:57,6417,1,46,57
France,1975-07-06,Niki Lauda,FERRARI,54,0 days 01:40:18,6018,1,40,18
Great Britain,1975-07-19,Emerson Fittipaldi,MCLAREN FORD,56,0 days 01:22:05,4925,1,22,5
Germany,1975-08-03,Carlos Reutemann,BRABHAM FORD,14,0 days 01:41:14,6074,1,41,14
Austria,1975-08-17,Vittorio Brambilla,MARCH FORD,29,0 days 00:57:56,3476,0,57,56
Italy,1975-09-07,Clay Regazzoni,FERRARI,52,0 days 01:22:58,4978,1,22,58
United States,1975-10-05,Niki Lauda,FERRARI,59,0 days 01:42:58,6178,1,42,58
Brazil,1976-01-25,Niki Lauda,FERRARI,40,0 days 01:45:16,6316,1,45,16
South Africa,1976-03-06,Niki Lauda,FERRARI,78,0 days 01:42:18,6138,1,42,18
United States,1976-03-28,Clay Regazzoni,FERRARI,80,0 days 01:53:18,6798,1,53,18
Spain,1976-05-02,James Hunt,MCLAREN FORD,75,0 days 01:42:20,6140,1,42,20
Belgium,1976-05-16,Niki Lauda,FERRARI,70,0 days 01:42:53,6173,1,42,53
Monaco,1976-05-30,Niki Lauda,FERRARI,78,0 days 01:59:51,7191,1,59,51
Sweden,1976-06-13,Jody Scheckter,TYRRELL FORD,72,0 days 01:46:53,6413,1,46,53
France,1976-07-04,James Hunt,MCLAREN FORD,54,0 days 01:40:58,6058,1,40,58
Great Britain,1976-07-18,Niki Lauda,FERRARI,76,0 days 01:44:19,6259,1,44,19
Germany,1976-08-01,James Hunt,MCLAREN FORD,14,0 days 01:41:42,6102,1,41,42
Austria,1976-08-15,John Watson,PENSKE FORD,54,0 days 01:30:07,5407,1,30,7
Netherlands,1976-08-29,James Hunt,MCLAREN FORD,75,0 days 01:44:52,6292,1,44,52
Italy,1976-09-12,Ronnie Peterson,MARCH FORD,52,0 days 01:30:35,5435,1,30,35
Canada,1976-10-03,James Hunt,MCLAREN FORD,80,0 days 01:40:09,6009,1,40,9
United States,1976-10-10,James Hunt,MCLAREN FORD,59,0 days 01:42:40,6160,1,42,40
Japan,1976-10-24,Mario Andretti,LOTUS FORD,73,0 days 01:43:58,6238,1,43,58
Argentina,1977-01-09,Jody Scheckter,WOLF FORD,53,0 days 01:40:11,6011,1,40,11
Brazil,1977-01-23,Carlos Reutemann,FERRARI,40,0 days 01:45:07,6307,1,45,7
South Africa,1977-03-05,Niki Lauda,FERRARI,78,0 days 01:42:21,6141,1,42,21
United States,1977-04-03,Mario Andretti,LOTUS FORD,80,0 days 01:51:35,6695,1,51,35
Spain,1977-05-08,Mario Andretti,LOTUS FORD,75,0 days 01:42:52,6172,1,42,52
Monaco,1977-05-22,Jody Scheckter,WOLF FORD,76,0 days 01:57:52,7072,1,57,52
Belgium,1977-06-05,Gunnar Nilsson,LOTUS FORD,70,0 days 01:55:05,6905,1,55,5
Sweden,1977-06-19,Jacques Laffite,LIGIER MATRA,72,0 days 01:46:55,6415,1,46,55
France,1977-07-03,Mario Andretti,LOTUS FORD,80,0 days 01:39:40,5980,1,39,40
Great Britain,1977-07-16,James Hunt,MCLAREN FORD,68,0 days 01:31:46,5506,1,31,46
Germany,1977-07-31,Niki Lauda,FERRARI,47,0 days 01:31:48,5508,1,31,48
Austria,1977-08-14,Alan Jones,SHADOW FORD,54,0 days 01:37:16,5836,1,37,16
Netherlands,1977-08-28,Niki Lauda,FERRARI,75,0 days 01:41:45,6105,1,41,45
Italy,1977-09-11,Mario Andretti,LOTUS FORD,52,0 days 01:27:50,5270,1,27,50
United States,1977-10-02,James Hunt,MCLAREN FORD,59,0 days 01:58:23,7103,1,58,23
Canada,1977-10-09,Jody Scheckter,WOLF FORD,80,0 days 01:40:00,6000,1,40,0
Japan,1977-10-23,James Hunt,MCLAREN FORD,73,0 days 01:31:51,5511,1,31,51
Argentina,1978-01-15,Mario Andretti,LOTUS FORD,52,0 days 01:37:04,5824,1,37,4
Brazil,1978-01-29,Carlos Reutemann,FERRARI,63,0 days 01:49:59,6599,1,49,59
South Africa,1978-03-04,Ronnie Peterson,LOTUS FORD,78,0 days 01:42:15,6135,1,42,15
United States,1978-04-02,Carlos Reutemann,FERRARI,80,0 days 01:52:01,6721,1,52,1
Monaco,1978-05-07,Patrick Depailler,TYRRELL FORD,75,0 days 01:55:14,6914,1,55,14
Belgium,1978-05-21,Mario Andretti,LOTUS FORD,70,0 days 01:39:52,5992,1,39,52
Spain,1978-06-04,Mario Andretti,LOTUS FORD,75,0 days 01:41:47,6107,1,41,47
Sweden,1978-06-17,Niki Lauda,BRABHAM ALFA ROMEO,70,0 days 01:41:00,6060,1,41,0
France,1978-07-02,Mario Andretti,LOTUS FORD,54,0 days 01:38:51,5931,1,38,51
Great Britain,1978-07-16,Carlos Reutemann,FERRARI,76,0 days 01:42:12,6132,1,42,12
Germany,1978-07-30,Mario Andretti,LOTUS FORD,45,0 days 01:28:00,5280,1,28,0
Austria,1978-08-13,Ronnie Peterson,LOTUS FORD,54,0 days 01:41:21,6081,1,41,21
Netherlands,1978-08-27,Mario Andretti,LOTUS FORD,75,0 days 01:41:04,6064,1,41,4
Italy,1978-09-10,Niki Lauda,BRABHAM ALFA ROMEO,40,0 days 01:07:04,4024,1,7,4
United States,1978-10-01,Carlos Reutemann,FERRARI,59,0 days 01:40:48,6048,1,40,48
Canada,1978-10-08,Gilles Villeneuve,FERRARI,70,0 days 01:57:49,7069,1,57,49
Argentina,1979-01-21,Jacques Laffite,LIGIER FORD,53,0 days 01:36:03,5763,1,36,3
Brazil,1979-02-04,Jacques Laffite,LIGIER FORD,40,0 days 01:40:09,6009,1,40,9
South Africa,1979-03-03,Gilles Villeneuve,FERRARI,78,0 days 01:41:49,6109,1,41,49
United States,1979-04-08,Gilles Villeneuve,FERRARI,80,0 days 01:50:25,6625,1,50,25
Spain,1979-04-29,Patrick Depailler,LIGIER FORD,75,0 days 01:39:11,5951,1,39,11
Belgium,1979-05-13,Jody Scheckter,FERRARI,70,0 days 01:39:59,5999,1,39,59
Monaco,1979-05-27,Jody Scheckter,FERRARI,76,0 days 01:55:22,6922,1,55,22
France,1979-07-01,Jean-Pierre Jabouille,RENAULT,80,0 days 01:35:20,5720,1,35,20
Great Britain,1979-07-14,Clay Regazzoni,WILLIAMS FORD,68,0 days 01:26:11,5171,1,26,11
Germany,1979-07-29,Alan Jones,WILLIAMS FORD,45,0 days 01:24:48,5088,1,24,48
Austria,1979-08-12,Alan Jones,WILLIAMS FORD,54,0 days 01:27:38,5258,1,27,38
Netherlands,1979-08-26,Alan Jones,WILLIAMS FORD,75,0 days 01:41:19,6079,1,41,19
Italy,1979-09-09,Jody Scheckter,FERRARI,50,0 days 01:22:00,4920,1,22,0
Canada,1979-09-30,Alan Jones,WILLIAMS FORD,72,0 days 01:52:06,6726,1,52,6
United States,1979-10-07,Gilles Villeneuve,FERRARI,59,0 days 01:52:17,6737,1,52,17
Argentina,1980-01-13,Alan Jones,WILLIAMS FORD,53,0 days 01:43:24,6204,1,43,24
Brazil,1980-01-27,Rene Arnoux,RENAULT,40,0 days 01:40:01,6001,1,40,1
South Africa,1980-03-01,Rene Arnoux,RENAULT,78,0 days 01:36:52,5812,1,36,52
United States,1980-03-30,Nelson Piquet,BRABHAM FORD,80,0 days 01:50:18,6618,1,50,18
Belgium,1980-05-04,Didier Pironi,LIGIER FORD,72,0 days 00:01:38,98,0,1,38
Monaco,1980-05-18,Carlos Reutemann,WILLIAMS FORD,76,0 days 01:55:34,6934,1,55,34
France,1980-06-29,Alan Jones,WILLIAMS FORD,54,0 days 01:32:43,5563,1,32,43
Great Britain,1980-07-13,Alan Jones,WILLIAMS FORD,76,0 days 01:34:49,5689,1,34,49
Germany,1980-08-10,Jacques Laffite,LIGIER FORD,45,0 days 01:22:59,4979,1,22,59
Austria,1980-08-17,Jean-Pierre Jabouille,RENAULT,54,0 days 01:26:15,5175,1,26,15
Netherlands,1980-08-31,Nelson Piquet,BRABHAM FORD,72,0 days 01:38:13,5893,1,38,13
Italy,1980-09-14,Nelson Piquet,BRABHAM FORD,60,0 days 01:38:07,5887,1,38,7
Canada,1980-09-28,Alan Jones,WILLIAMS FORD,70,0 days 01:46:45,6405,1,46,45
United States,1980-10-05,Alan Jones,WILLIAMS FORD,59,0 days 01:34:36,5676,1,34,36
United States,1981-03-15,Alan Jones,WILLIAMS FORD,80,0 days 01:50:41,6641,1,50,41
Brazil,1981-03-29,Carlos Reutemann,WILLIAMS FORD,62,0 days 02:00:23,7223,2,0,23
Argentina,1981-04-12,Nelson Piquet,BRABHAM FORD,53,0 days 01:34:32,5672,1,34,32
San Marino,1981-05-03,Nelson Piquet,BRABHAM FORD,60,0 days 01:51:23,6683,1,51,23
Belgium,1981-05-17,Carlos Reutemann,WILLIAMS FORD,54,0 days 01:16:31,4591,1,16,31
Monaco,1981-05-31,Gilles Villeneuve,FERRARI,76,0 days 01:54:23,6863,1,54,23
Spain,1981-06-21,Gilles Villeneuve,FERRARI,80,0 days 01:46:35,6395,1,46,35
France,1981-07-05,Alain Prost,RENAULT,80,0 days 01:35:48,5748,1,35,48
Great Britain,1981-07-18,John Watson,MCLAREN FORD,68,0 days 01:26:54,5214,1,26,54
Germany,1981-08-02,Nelson Piquet,BRABHAM FORD,45,0 days 01:25:55,5155,1,25,55
Austria,1981-08-16,Jacques Laffite,LIGIER MATRA,53,0 days 01:27:36,5256,1,27,36
Netherlands,1981-08-30,Alain Prost,RENAULT,72,0 days 01:40:22,6022,1,40,22
Italy,1981-09-13,Alain Prost,RENAULT,52,0 days 01:26:33,5193,1,26,33
Canada,1981-09-27,Jacques Laffite,LIGIER MATRA,63,0 days 02:01:25,7285,2,1,25
United States,1981-10-17,Alan Jones,WILLIAMS FORD,75,0 days 01:44:09,6249,1,44,9
South Africa,1982-01-23,Alain Prost,RENAULT,77,0 days 01:32:08,5528,1,32,8
Brazil,1982-03-21,Alain Prost,RENAULT,63,0 days 01:44:33,6273,1,44,33
United States,1982-04-04,Niki Lauda,MCLAREN FORD,75,0 days 01:58:25,7105,1,58,25
San Marino,1982-04-25,Didier Pironi,FERRARI,60,0 days 01:36:38,5798,1,36,38
Belgium,1982-05-09,John Watson,MCLAREN FORD,70,0 days 01:35:41,5741,1,35,41
Monaco,1982-05-23,Riccardo Patrese,BRABHAM FORD,76,0 days 01:54:11,6851,1,54,11
United States,1982-06-06,John Watson,MCLAREN FORD,62,0 days 01:58:41,7121,1,58,41
Canada,1982-06-13,Nelson Piquet,BRABHAM BMW,70,0 days 01:46:39,6399,1,46,39
Netherlands,1982-07-03,Didier Pironi,FERRARI,72,0 days 01:38:03,5883,1,38,3
Great Britain,1982-07-18,Niki Lauda,MCLAREN FORD,76,0 days 01:35:33,5733,1,35,33
France,1982-07-25,Rene Arnoux,RENAULT,54,0 days 01:33:33,5613,1,33,33
Germany,1982-08-08,Patrick Tambay,FERRARI,45,0 days 01:27:25,5245,1,27,25
Austria,1982-08-15,Elio de Angelis,LOTUS FORD,53,0 days 01:25:02,5102,1,25,2
Switzerland,1982-08-29,Keke Rosberg,WILLIAMS FORD,80,0 days 01:32:41,5561,1,32,41
Italy,1982-09-12,Rene Arnoux,RENAULT,52,0 days 01:22:25,4945,1,22,25
United States,1982-09-25,Michele Alboreto,TYRRELL FORD,75,0 days 01:41:55,6115,1,41,55
Brazil,1983-03-13,Nelson Piquet,BRABHAM BMW,63,0 days 01:48:27,6507,1,48,27
United States,1983-03-27,John Watson,MCLAREN FORD,75,0 days 01:53:34,6814,1,53,34
France,1983-04-17,Alain Prost,RENAULT,54,0 days 01:34:13,5653,1,34,13
San Marino,1983-05-01,Patrick Tambay,FERRARI,60,0 days 01:37:52,5872,1,37,52
Monaco,1983-05-15,Keke Rosberg,WILLIAMS FORD,76,0 days 01:56:38,6998,1,56,38
Belgium,1983-05-22,Alain Prost,RENAULT,40,0 days 01:27:11,5231,1,27,11
United States,1983-06-05,Michele Alboreto,TYRRELL FORD,60,0 days 01:50:53,6653,1,50,53
Canada,1983-06-12,Rene Arnoux,FERRARI,70,0 days 01:48:31,6511,1,48,31
Great Britain,1983-07-16,Alain Prost,RENAULT,67,0 days 01:24:39,5079,1,24,39
Germany,1983-08-07,Rene Arnoux,FERRARI,45,0 days 01:27:10,5230,1,27,10
Austria,1983-08-14,Alain Prost,RENAULT,53,0 days 01:24:32,5072,1,24,32
Netherlands,1983-08-28,Rene Arnoux,FERRARI,72,0 days 01:38:41,5921,1,38,41
Italy,1983-09-11,Nelson Piquet,BRABHAM BMW,52,0 days 01:23:10,4990,1,23,10
Great Britain,1983-09-25,Nelson Piquet,BRABHAM BMW,76,0 days 01:36:45,5805,1,36,45
South Africa,1983-10-15,Riccardo Patrese,BRABHAM BMW,77,0 days 01:33:25,5605,1,33,25
Brazil,1984-03-25,Alain Prost,MCLAREN TAG,61,0 days 01:42:34,6154,1,42,34
South Africa,1984-04-07,Niki Lauda,MCLAREN TAG,75,0 days 01:29:23,5363,1,29,23
Belgium,1984-04-29,Michele Alboreto,FERRARI,70,0 days 01:36:32,5792,1,36,32
San Marino,1984-05-06,Alain Prost,MCLAREN TAG,60,0 days 01:36:53,5813,1,36,53
France,1984-05-20,Niki Lauda,MCLAREN TAG,79,0 days 01:31:11,5471,1,31,11
Monaco,1984-06-03,Alain Prost,MCLAREN TAG,31,0 days 01:01:07,3667,1,1,7
Canada,1984-06-17,Nelson Piquet,BRABHAM BMW,70,0 days 01:46:23,6383,1,46,23
United States,1984-06-24,Nelson Piquet,BRABHAM BMW,63,0 days 01:55:41,6941,1,55,41
United States,1984-07-08,Keke Rosberg,WILLIAMS HONDA,67,0 days 02:01:22,7282,2,1,22
Great Britain,1984-07-22,Niki Lauda,MCLAREN TAG,71,0 days 01:29:28,5368,1,29,28
Germany,1984-08-05,Alain Prost,MCLAREN TAG,44,0 days 01:24:43,5083,1,24,43
Austria,1984-08-19,Niki Lauda,MCLAREN TAG,51,0 days 01:21:12,4872,1,21,12
Netherlands,1984-08-26,Alain Prost,MCLAREN TAG,71,0 days 01:37:21,5841,1,37,21
Italy,1984-09-09,Niki Lauda,MCLAREN TAG,51,0 days 01:20:29,4829,1,20,29
Germany,1984-10-07,Alain Prost,MCLAREN TAG,67,0 days 01:35:13,5713,1,35,13
Portugal,1984-10-21,Alain Prost,MCLAREN TAG,70,0 days 01:41:11,6071,1,41,11
Brazil,1985-04-07,Alain Prost,MCLAREN TAG,61,0 days 01:41:26,6086,1,41,26
Portugal,1985-04-21,Ayrton Senna,LOTUS RENAULT,67,0 days 02:00:28,7228,2,0,28
San Marino,1985-05-05,Elio de Angelis,LOTUS RENAULT,60,0 days 01:34:35,5675,1,34,35
Monaco,1985-05-19,Alain Prost,MCLAREN TAG,78,0 days 01:51:58,6718,1,51,58
Canada,1985-06-16,Michele Alboreto,FERRARI,70,0 days 01:46:01,6361,1,46,1
United States,1985-06-23,Keke Rosberg,WILLIAMS HONDA,63,0 days 01:55:39,6939,1,55,39
France,1985-07-07,Nelson Piquet,BRABHAM BMW,53,0 days 01:31:46,5506,1,31,46
Great Britain,1985-07-21,Alain Prost,MCLAREN TAG,65,0 days 01:18:10,4690,1,18,10
Germany,1985-08-04,Michele Alboreto,FERRARI,67,0 days 01:35:31,5731,1,35,31
Austria,1985-08-18,Alain Prost,MCLAREN TAG,52,0 days 01:20:12,4812,1,20,12
Netherlands,1985-08-25,Niki Lauda,MCLAREN TAG,70,0 days 01:32:29,5549,1,32,29
Italy,1985-09-08,Alain Prost,MCLAREN TAG,51,0 days 01:17:59,4679,1,17,59
Belgium,1985-09-15,Ayrton Senna,LOTUS RENAULT,43,0 days 01:34:19,5659,1,34,19
Great Britain,1985-10-06,Nigel Mansell,WILLIAMS HONDA,75,0 days 01:32:58,5578,1,32,58
South Africa,1985-10-19,Nigel Mansell,WILLIAMS HONDA,75,0 days 01:28:22,5302,1,28,22
Australia,1985-11-03,Keke Rosberg,WILLIAMS HONDA,82,0 days 02:00:40,7240,2,0,40
Brazil,1986-03-23,Nelson Piquet,WILLIAMS HONDA,61,0 days 01:39:32,5972,1,39,32
Spain,1986-04-13,Ayrton Senna,LOTUS RENAULT,72,0 days 01:48:47,6527,1,48,47
San Marino,1986-04-27,Alain Prost,MCLAREN TAG,60,0 days 01:32:28,5548,1,32,28
Monaco,1986-05-11,Alain Prost,MCLAREN TAG,78,0 days 01:55:41,6941,1,55,41
Belgium,1986-05-25,Nigel Mansell,WILLIAMS HONDA,43,0 days 01:27:57,5277,1,27,57
Canada,1986-06-15,Nigel Mansell,WILLIAMS HONDA,69,0 days 01:42:26,6146,1,42,26
United States,1986-06-22,Ayrton Senna,LOTUS RENAULT,63,0 days 01:51:12,6672,1,51,12
France,1986-07-06,Nigel Mansell,WILLIAMS HONDA,80,0 days 01:37:19,5839,1,37,19
Great Britain,1986-07-13,Nigel Mansell,WILLIAMS HONDA,75,0 days 01:30:38,5438,1,30,38
Germany,1986-07-27,Nelson Piquet,WILLIAMS HONDA,44,0 days 01:22:08,4928,1,22,8
Hungary,1986-08-10,Nelson Piquet,WILLIAMS HONDA,76,0 days 02:00:34,7234,2,0,34
Austria,1986-08-17,Alain Prost,MCLAREN TAG,52,0 days 01:21:22,4882,1,21,22
Italy,1986-09-07,Nelson Piquet,WILLIAMS HONDA,51,0 days 01:17:42,4662,1,17,42
Portugal,1986-09-21,Nigel Mansell,WILLIAMS HONDA,70,0 days 01:37:21,5841,1,37,21
Mexico,1986-10-12,Gerhard Berger,BENETTON BMW,68,0 days 01:33:18,5598,1,33,18
Australia,1986-10-26,Alain Prost,MCLAREN TAG,82,0 days 01:54:20,6860,1,54,20
Brazil,1987-04-12,Alain Prost,MCLAREN TAG,61,0 days 01:39:45,5985,1,39,45
San Marino,1987-05-03,Nigel Mansell,WILLIAMS HONDA,59,0 days 01:31:24,5484,1,31,24
Belgium,1987-05-17,Alain Prost,MCLAREN TAG,43,0 days 01:27:03,5223,1,27,3
Monaco,1987-05-31,Ayrton Senna,LOTUS HONDA,78,0 days 01:57:54,7074,1,57,54
United States,1987-06-21,Ayrton Senna,LOTUS HONDA,63,0 days 01:50:16,6616,1,50,16
France,1987-07-05,Nigel Mansell,WILLIAMS HONDA,80,0 days 01:37:03,5823,1,37,3
Great Britain,1987-07-12,Nigel Mansell,WILLIAMS HONDA,65,0 days 01:19:11,4751,1,19,11
Germany,1987-07-26,Nelson Piquet,WILLIAMS HONDA,44,0 days 01:21:25,4885,1,21,25
Hungary,1987-08-09,Nelson Piquet,WILLIAMS HONDA,76,0 days 01:59:26,7166,1,59,26
Austria,1987-08-16,Nigel Mansell,WILLIAMS HONDA,52,0 days 01:18:44,4724,1,18,44
Italy,1987-09-06,Nelson Piquet,WILLIAMS HONDA,50,0 days 01:14:47,4487,1,14,47
Portugal,1987-09-20,Alain Prost,MCLAREN TAG,70,0 days 01:37:03,5823,1,37,3
Spain,1987-09-27,Nigel Mansell,WILLIAMS HONDA,72,0 days 01:49:12,6552,1,49,12
Mexico,1987-10-18,Nigel Mansell,WILLIAMS HONDA,63,0 days 01:26:24,5184,1,26,24
Japan,1987-11-01,Gerhard Berger,FERRARI,51,0 days 01:32:58,5578,1,32,58
Australia,1987-11-15,Gerhard Berger,FERRARI,82,0 days 01:52:56,6776,1,52,56
Brazil,1988-04-03,Alain Prost,MCLAREN HONDA,60,0 days 01:36:06,5766,1,36,6
San Marino,1988-05-01,Ayrton Senna,MCLAREN HONDA,60,0 days 01:32:41,5561,1,32,41
Monaco,1988-05-15,Alain Prost,MCLAREN HONDA,78,0 days 01:57:17,7037,1,57,17
Mexico,1988-05-29,Alain Prost,MCLAREN HONDA,67,0 days 01:30:15,5415,1,30,15
Canada,1988-06-12,Ayrton Senna,MCLAREN HONDA,69,0 days 01:39:46,5986,1,39,46
United States,1988-06-19,Ayrton Senna,MCLAREN HONDA,63,0 days 01:54:56,6896,1,54,56
France,1988-07-03,Alain Prost,MCLAREN HONDA,80,0 days 01:37:37,5857,1,37,37
Great Britain,1988-07-10,Ayrton Senna,MCLAREN HONDA,65,0 days 01:33:16,5596,1,33,16
Germany,1988-07-24,Ayrton Senna,MCLAREN HONDA,44,0 days 01:32:54,5574,1,32,54
Hungary,1988-08-07,Ayrton Senna,MCLAREN HONDA,76,0 days 01:57:47,7067,1,57,47
Belgium,1988-08-28,Ayrton Senna,MCLAREN HONDA,43,0 days 01:28:00,5280,1,28,0
Italy,1988-09-11,Gerhard Berger,FERRARI,51,0 days 01:17:39,4659,1,17,39
Portugal,1988-09-25,Alain Prost,MCLAREN HONDA,70,0 days 01:37:40,5860,1,37,40
Spain,1988-10-02,Alain Prost,MCLAREN HONDA,72,0 days 01:48:43,6523,1,48,43
Japan,1988-10-30,Ayrton Senna,MCLAREN HONDA,51,0 days 01:33:26,5606,1,33,26
Australia,1988-11-13,Alain Prost,MCLAREN HONDA,82,0 days 01:53:14,6794,1,53,14
Brazil,1989-03-26,Nigel Mansell,FERRARI,61,0 days 01:38:58,5938,1,38,58
San Marino,1989-04-23,Ayrton Senna,MCLAREN HONDA,58,0 days 01:26:51,5211,1,26,51
Monaco,1989-05-07,Ayrton Senna,MCLAREN HONDA,77,0 days 01:53:33,6813,1,53,33
Mexico,1989-05-28,Ayrton Senna,MCLAREN HONDA,69,0 days 01:35:21,5721,1,35,21
United States,1989-06-04,Alain Prost,MCLAREN HONDA,75,0 days 02:01:33,7293,2,1,33
Canada,1989-06-18,Thierry Boutsen,WILLIAMS RENAULT,69,0 days 02:01:24,7284,2,1,24
France,1989-07-09,Alain Prost,MCLAREN HONDA,80,0 days 01:38:29,5909,1,38,29
Great Britain,1989-07-16,Alain Prost,MCLAREN HONDA,64,0 days 01:19:22,4762,1,19,22
Germany,1989-07-30,Ayrton Senna,MCLAREN HONDA,45,0 days 01:21:43,4903,1,21,43
Hungary,1989-08-13,Nigel Mansell,FERRARI,77,0 days 01:49:38,6578,1,49,38
Belgium,1989-08-27,Ayrton Senna,MCLAREN HONDA,44,0 days 01:40:54,6054,1,40,54
Italy,1989-09-10,Alain Prost,MCLAREN HONDA,53,0 days 01:19:27,4767,1,19,27
Portugal,1989-09-24,Gerhard Berger,FERRARI,71,0 days 01:36:48,5808,1,36,48
Spain,1989-10-01,Ayrton Senna,MCLAREN HONDA,72,0 days 01:47:48,6468,1,47,48
Japan,1989-10-22,Alessandro Nannini,BENETTON FORD,53,0 days 01:35:06,5706,1,35,6
Australia,1989-11-05,Thierry Boutsen,WILLIAMS RENAULT,70,0 days 02:00:17,7217,2,0,17
United States,1990-03-11,Ayrton Senna,MCLAREN HONDA,72,0 days 01:52:32,6752,1,52,32
Brazil,1990-03-25,Alain Prost,FERRARI,71,0 days 01:37:21,5841,1,37,21
San Marino,1990-05-13,Riccardo Patrese,WILLIAMS RENAULT,61,0 days 01:30:55,5455,1,30,55
Monaco,1990-05-27,Ayrton Senna,MCLAREN HONDA,78,0 days 01:52:46,6766,1,52,46
Canada,1990-06-10,Ayrton Senna,MCLAREN HONDA,70,0 days 01:42:56,6176,1,42,56
Mexico,1990-06-24,Alain Prost,FERRARI,69,0 days 01:32:35,5555,1,32,35
France,1990-07-08,Alain Prost,FERRARI,80,0 days 01:33:29,5609,1,33,29
Great Britain,1990-07-15,Alain Prost,FERRARI,64,0 days 01:18:30,4710,1,18,30
Germany,1990-07-29,Ayrton Senna,MCLAREN HONDA,45,0 days 01:20:47,4847,1,20,47
Hungary,1990-08-12,Thierry Boutsen,WILLIAMS RENAULT,77,0 days 01:49:30,6570,1,49,30
Belgium,1990-08-26,Ayrton Senna,MCLAREN HONDA,44,0 days 01:26:31,5191,1,26,31
Italy,1990-09-09,Ayrton Senna,MCLAREN HONDA,53,0 days 01:17:57,4677,1,17,57
Portugal,1990-09-23,Nigel Mansell,FERRARI,61,0 days 01:22:11,4931,1,22,11
Spain,1990-09-30,Alain Prost,FERRARI,73,0 days 01:48:01,6481,1,48,1
Japan,1990-10-21,Nelson Piquet,BENETTON FORD,53,0 days 01:34:36,5676,1,34,36
Australia,1990-11-04,Nelson Piquet,BENETTON FORD,81,0 days 01:49:44,6584,1,49,44
United States,1991-03-10,Ayrton Senna,MCLAREN HONDA,81,0 days 02:00:47,7247,2,0,47
Brazil,1991-03-24,Ayrton Senna,MCLAREN HONDA,71,0 days 01:38:28,5908,1,38,28
San Marino,1991-04-28,Ayrton Senna,MCLAREN HONDA,61,0 days 01:35:14,5714,1,35,14
Monaco,1991-05-12,Ayrton Senna,MCLAREN HONDA,78,0 days 01:53:02,6782,1,53,2
Canada,1991-06-02,Nelson Piquet,BENETTON FORD,69,0 days 01:38:51,5931,1,38,51
Mexico,1991-06-16,Riccardo Patrese,WILLIAMS RENAULT,67,0 days 01:29:52,5392,1,29,52
France,1991-07-07,Nigel Mansell,WILLIAMS RENAULT,72,0 days 01:38:00,5880,1,38,0
Great Britain,1991-07-14,Nigel Mansell,WILLIAMS RENAULT,59,0 days 01:27:35,5255,1,27,35
Germany,1991-07-28,Nigel Mansell,WILLIAMS RENAULT,45,0 days 01:19:29,4769,1,19,29
Hungary,1991-08-11,Ayrton Senna,MCLAREN HONDA,77,0 days 01:49:12,6552,1,49,12
Belgium,1991-08-25,Ayrton Senna,MCLAREN HONDA,44,0 days 01:27:17,5237,1,27,17
Italy,1991-09-08,Nigel Mansell,WILLIAMS RENAULT,53,0 days 01:17:54,4674,1,17,54
Portugal,1991-09-22,Riccardo Patrese,WILLIAMS RENAULT,71,0 days 01:35:42,5742,1,35,42
Spain,1991-09-29,Nigel Mansell,WILLIAMS RENAULT,65,0 days 01:38:41,5921,1,38,41
Japan,1991-10-20,Gerhard Berger,MCLAREN HONDA,53,0 days 01:32:10,5530,1,32,10
Australia,1991-11-03,Ayrton Senna,MCLAREN HONDA,14,0 days 00:24:34,1474,0,24,34
South Africa,1992-03-01,Nigel Mansell,WILLIAMS RENAULT,72,0 days 01:36:45,5805,1,36,45
Mexico,1992-03-22,Nigel Mansell,WILLIAMS RENAULT,69,0 days 01:31:53,5513,1,31,53
Brazil,1992-04-05,Nigel Mansell,WILLIAMS RENAULT,71,0 days 01:36:51,5811,1,36,51
Spain,1992-05-03,Nigel Mansell,WILLIAMS RENAULT,65,0 days 01:56:10,6970,1,56,10
San Marino,1992-05-17,Nigel Mansell,WILLIAMS RENAULT,60,0 days 01:28:40,5320,1,28,40
Monaco,1992-05-31,Ayrton Senna,MCLAREN HONDA,78,0 days 01:50:59,6659,1,50,59
Canada,1992-06-14,Gerhard Berger,MCLAREN HONDA,69,0 days 01:37:08,5828,1,37,8
France,1992-07-05,Nigel Mansell,WILLIAMS RENAULT,69,0 days 01:38:08,5888,1,38,8
Great Britain,1992-07-12,Nigel Mansell,WILLIAMS RENAULT,59,0 days 01:25:42,5142,1,25,42
Germany,1992-07-26,Nigel Mansell,WILLIAMS RENAULT,45,0 days 01:18:22,4702,1,18,22
Hungary,1992-08-16,Ayrton Senna,MCLAREN HONDA,77,0 days 01:46:19,6379,1,46,19
Belgium,1992-08-30,Michael Schumacher,BENETTON FORD,44,0 days 01:36:10,5770,1,36,10
Italy,1992-09-13,Ayrton Senna,MCLAREN HONDA,53,0 days 01:18:15,4695,1,18,15
Portugal,1992-09-27,Nigel Mansell,WILLIAMS RENAULT,71,0 days 01:34:46,5686,1,34,46
Japan,1992-10-25,Riccardo Patrese,WILLIAMS RENAULT,53,0 days 01:33:09,5589,1,33,9
Australia,1992-11-08,Gerhard Berger,MCLAREN HONDA,82,0 days 01:46:54,6414,1,46,54
South Africa,1993-03-14,Alain Prost,WILLIAMS RENAULT,72,0 days 01:38:45,5925,1,38,45
Brazil,1993-03-28,Ayrton Senna,MCLAREN FORD,71,0 days 01:51:15,6675,1,51,15
Brazil,1993-04-11,Ayrton Senna,MCLAREN FORD,76,0 days 01:50:46,6646,1,50,46
San Marino,1993-04-25,Alain Prost,WILLIAMS RENAULT,61,0 days 01:33:20,5600,1,33,20
Spain,1993-05-09,Alain Prost,WILLIAMS RENAULT,65,0 days 01:32:27,5547,1,32,27
Monaco,1993-05-23,Ayrton Senna,MCLAREN FORD,78,0 days 01:52:10,6730,1,52,10
Canada,1993-06-13,Alain Prost,WILLIAMS RENAULT,69,0 days 01:36:41,5801,1,36,41
France,1993-07-04,Alain Prost,WILLIAMS RENAULT,72,0 days 01:38:35,5915,1,38,35
Great Britain,1993-07-11,Alain Prost,WILLIAMS RENAULT,59,0 days 01:25:38,5138,1,25,38
Germany,1993-07-25,Alain Prost,WILLIAMS RENAULT,45,0 days 01:18:40,4720,1,18,40
Hungary,1993-08-15,Damon Hill,WILLIAMS RENAULT,77,0 days 01:47:39,6459,1,47,39
Belgium,1993-08-29,Damon Hill,WILLIAMS RENAULT,44,0 days 01:24:32,5072,1,24,32
Italy,1993-09-12,Damon Hill,WILLIAMS RENAULT,53,0 days 01:17:07,4627,1,17,7
Portugal,1993-09-26,Michael Schumacher,BENETTON FORD,71,0 days 01:32:46,5566,1,32,46
Japan,1993-10-24,Ayrton Senna,MCLAREN FORD,53,0 days 01:40:27,6027,1,40,27
Australia,1993-11-07,Ayrton Senna,MCLAREN FORD,79,0 days 01:43:27,6207,1,43,27
Brazil,1994-03-27,Michael Schumacher,BENETTON FORD,71,0 days 01:35:38,5738,1,35,38
Japan,1994-04-17,Michael Schumacher,BENETTON FORD,83,0 days 01:46:01,6361,1,46,1
San Marino,1994-05-01,Michael Schumacher,BENETTON FORD,58,0 days 01:28:28,5308,1,28,28
Monaco,1994-05-15,Michael Schumacher,BENETTON FORD,78,0 days 01:49:55,6595,1,49,55
Spain,1994-05-29,Damon Hill,WILLIAMS RENAULT,65,0 days 01:36:14,5774,1,36,14
Canada,1994-06-12,Michael Schumacher,BENETTON FORD,69,0 days 01:44:31,6271,1,44,31
France,1994-07-03,Michael Schumacher,BENETTON FORD,72,0 days 01:38:35,5915,1,38,35
Great Britain,1994-07-10,Damon Hill,WILLIAMS RENAULT,60,0 days 01:30:03,5403,1,30,3
Germany,1994-07-31,Gerhard Berger,FERRARI,45,0 days 01:22:37,4957,1,22,37
Hungary,1994-08-14,Michael Schumacher,BENETTON FORD,77,0 days 01:48:00,6480,1,48,0
Belgium,1994-08-28,Damon Hill,WILLIAMS RENAULT,44,0 days 01:28:47,5327,1,28,47
Italy,1994-09-11,Damon Hill,WILLIAMS RENAULT,53,0 days 01:18:02,4682,1,18,2
Portugal,1994-09-25,Damon Hill,WILLIAMS RENAULT,71,0 days 01:41:10,6070,1,41,10
Japan,1994-10-16,Michael Schumacher,BENETTON FORD,69,0 days 01:40:26,6026,1,40,26
Japan,1994-11-06,Damon Hill,WILLIAMS RENAULT,50,0 days 01:55:53,6953,1,55,53
Australia,1994-11-13,Nigel Mansell,WILLIAMS RENAULT,81,0 days 01:47:51,6471,1,47,51
Brazil,1995-03-26,Michael Schumacher,BENETTON RENAULT,71,0 days 01:38:34,5914,1,38,34
Argentina,1995-04-09,Damon Hill,WILLIAMS RENAULT,71,0 days 01:51:39,6699,1,51,39
San Marino,1995-04-30,Damon Hill,WILLIAMS RENAULT,63,0 days 01:41:42,6102,1,41,42
Spain,1995-05-14,Michael Schumacher,BENETTON RENAULT,65,0 days 01:34:20,5660,1,34,20
Monaco,1995-05-28,Michael Schumacher,BENETTON RENAULT,78,0 days 01:53:11,6791,1,53,11
Canada,1995-06-11,Jean Alesi,FERRARI,69,0 days 01:46:31,6391,1,46,31
France,1995-07-02,Michael Schumacher,BENETTON RENAULT,72,0 days 01:38:28,5908,1,38,28
Great Britain,1995-07-16,Johnny Herbert,BENETTON RENAULT,61,0 days 01:34:35,5675,1,34,35
Germany,1995-07-30,Michael Schumacher,BENETTON RENAULT,45,0 days 01:22:56,4976,1,22,56
Hungary,1995-08-13,Damon Hill,WILLIAMS RENAULT,77,0 days 01:46:52,6412,1,46,52
Belgium,1995-08-27,Michael Schumacher,BENETTON RENAULT,44,0 days 01:36:47,5807,1,36,47
Italy,1995-09-10,Johnny Herbert,BENETTON RENAULT,53,0 days 01:18:27,4707,1,18,27
Portugal,1995-09-24,David Coulthard,WILLIAMS RENAULT,71,0 days 01:41:52,6112,1,41,52
Germany,1995-10-01,Michael Schumacher,BENETTON RENAULT,67,0 days 01:39:59,5999,1,39,59
Japan,1995-10-22,Michael Schumacher,BENETTON RENAULT,83,0 days 01:48:49,6529,1,48,49
Japan,1995-10-29,Michael Schumacher,BENETTON RENAULT,53,0 days 01:36:52,5812,1,36,52
Australia,1995-11-12,Damon Hill,WILLIAMS RENAULT,81,0 days 01:49:15,6555,1,49,15
Australia,1996-03-10,Damon Hill,WILLIAMS RENAULT,58,0 days 01:32:50,5570,1,32,50
Brazil,1996-03-31,Damon Hill,WILLIAMS RENAULT,71,0 days 01:49:52,6592,1,49,52
Argentina,1996-04-07,Damon Hill,WILLIAMS RENAULT,72,0 days 01:54:55,6895,1,54,55
Germany,1996-04-28,Jacques Villeneuve,WILLIAMS RENAULT,67,0 days 01:33:26,5606,1,33,26
San Marino,1996-05-05,Damon Hill,WILLIAMS RENAULT,63,0 days 01:35:26,5726,1,35,26
Monaco,1996-05-19,Olivier Panis,LIGIER MUGEN HONDA,75,0 days 02:00:45,7245,2,0,45
Spain,1996-06-02,Michael Schumacher,FERRARI,65,0 days 01:59:49,7189,1,59,49
Canada,1996-06-16,Damon Hill,WILLIAMS RENAULT,69,0 days 01:36:03,5763,1,36,3
France,1996-06-30,Damon Hill,WILLIAMS RENAULT,72,0 days 01:36:28,5788,1,36,28
Great Britain,1996-07-14,Jacques Villeneuve,WILLIAMS RENAULT,61,0 days 01:33:00,5580,1,33,0
Germany,1996-07-28,Damon Hill,WILLIAMS RENAULT,45,0 days 01:21:43,4903,1,21,43
Hungary,1996-08-11,Jacques Villeneuve,WILLIAMS RENAULT,77,0 days 01:46:21,6381,1,46,21
Belgium,1996-08-25,Michael Schumacher,FERRARI,44,0 days 01:28:15,5295,1,28,15
Italy,1996-09-08,Michael Schumacher,FERRARI,53,0 days 01:17:43,4663,1,17,43
Portugal,1996-09-22,Jacques Villeneuve,WILLIAMS RENAULT,70,0 days 01:40:22,6022,1,40,22
Japan,1996-10-13,Damon Hill,WILLIAMS RENAULT,52,0 days 01:32:33,5553,1,32,33
Australia,1997-03-09,David Coulthard,MCLAREN MERCEDES,58,0 days 01:30:28,5428,1,30,28
Brazil,1997-03-30,Jacques Villeneuve,WILLIAMS RENAULT,72,0 days 01:36:06,5766,1,36,6
Argentina,1997-04-13,Jacques Villeneuve,WILLIAMS RENAULT,72,0 days 01:52:01,6721,1,52,1
San Marino,1997-04-27,Heinz-Harald Frentzen,WILLIAMS RENAULT,62,0 days 01:31:00,5460,1,31,0
Monaco,1997-05-11,Michael Schumacher,FERRARI,62,0 days 02:00:05,7205,2,0,5
Spain,1997-05-25,Jacques Villeneuve,WILLIAMS RENAULT,64,0 days 01:30:35,5435,1,30,35
Canada,1997-06-15,Michael Schumacher,FERRARI,54,0 days 01:17:40,4660,1,17,40
France,1997-06-29,Michael Schumacher,FERRARI,72,0 days 01:38:50,5930,1,38,50
Great Britain,1997-07-13,Jacques Villeneuve,WILLIAMS RENAULT,59,0 days 01:28:01,5281,1,28,1
Germany,1997-07-27,Gerhard Berger,BENETTON RENAULT,45,0 days 01:20:59,4859,1,20,59
Hungary,1997-08-10,Jacques Villeneuve,WILLIAMS RENAULT,77,0 days 01:45:47,6347,1,45,47
Belgium,1997-08-24,Michael Schumacher,FERRARI,44,0 days 01:33:46,5626,1,33,46
Italy,1997-09-07,David Coulthard,MCLAREN MERCEDES,53,0 days 01:17:04,4624,1,17,4
Austria,1997-09-21,Jacques Villeneuve,WILLIAMS RENAULT,71,0 days 01:27:35,5255,1,27,35
Luxembourg,1997-09-28,Jacques Villeneuve,WILLIAMS RENAULT,67,0 days 01:31:27,5487,1,31,27
Japan,1997-10-12,Michael Schumacher,FERRARI,53,0 days 01:29:48,5388,1,29,48
Spain,1997-10-26,Mika Hakkinen,MCLAREN MERCEDES,69,0 days 01:38:57,5937,1,38,57
Australia,1998-03-08,Mika Hakkinen,MCLAREN MERCEDES,58,0 days 01:31:45,5505,1,31,45
Brazil,1998-03-29,Mika Hakkinen,MCLAREN MERCEDES,72,0 days 01:37:11,5831,1,37,11
Argentina,1998-04-12,Michael Schumacher,FERRARI,72,0 days 01:48:36,6516,1,48,36
San Marino,1998-04-26,David Coulthard,MCLAREN MERCEDES,62,0 days 01:34:24,5664,1,34,24
Spain,1998-05-10,Mika Hakkinen,MCLAREN MERCEDES,65,0 days 01:33:37,5617,1,33,37
Monaco,1998-05-24,Mika Hakkinen,MCLAREN MERCEDES,78,0 days 01:51:23,6683,1,51,23
Canada,1998-06-07,Michael Schumacher,FERRARI,69,0 days 01:40:57,6057,1,40,57
France,1998-06-28,Michael Schumacher,FERRARI,71,0 days 01:34:45,5685,1,34,45
Great Britain,1998-07-12,Michael Schumacher,FERRARI,60,0 days 01:47:02,6422,1,47,2
Austria,1998-07-26,Mika Hakkinen,MCLAREN MERCEDES,71,0 days 01:30:44,5444,1,30,44
Germany,1998-08-02,Mika Hakkinen,MCLAREN MERCEDES,45,0 days 01:20:47,4847,1,20,47
Hungary,1998-08-16,Michael Schumacher,FERRARI,77,0 days 01:45:25,6325,1,45,25
Belgium,1998-08-30,Damon Hill,JORDAN MUGEN HONDA,44,0 days 01:43:47,6227,1,43,47
Italy,1998-09-13,Michael Schumacher,FERRARI,53,0 days 01:17:09,4629,1,17,9
Luxembourg,1998-09-27,Mika Hakkinen,MCLAREN MERCEDES,67,0 days 01:32:14,5534,1,32,14
Japan,1998-11-01,Mika Hakkinen,MCLAREN MERCEDES,51,0 days 01:27:22,5242,1,27,22
Australia,1999-03-07,Eddie Irvine,FERRARI,57,0 days 01:35:01,5701,1,35,1
Brazil,1999-04-11,Mika Hakkinen,MCLAREN MERCEDES,72,0 days 01:36:03,5763,1,36,3
San Marino,1999-05-02,Michael Schumacher,FERRARI,62,0 days 01:33:44,5624,1,33,44
Monaco,1999-05-16,Michael Schumacher,FERRARI,78,0 days 01:49:31,6571,1,49,31
Spain,1999-05-30,Mika Hakkinen,MCLAREN MERCEDES,65,0 days 01:34:13,5653,1,34,13
Canada,1999-06-13,Mika Hakkinen,MCLAREN MERCEDES,69,0 days 01:41:35,6095,1,41,35
France,1999-06-27,Heinz-Harald Frentzen,JORDAN MUGEN HONDA,72,0 days 01:58:24,7104,1,58,24
Great Britain,1999-07-11,David Coulthard,MCLAREN MERCEDES,60,0 days 01:32:30,5550,1,32,30
Austria,1999-07-25,Eddie Irvine,FERRARI,71,0 days 01:28:12,5292,1,28,12
Germany,1999-08-01,Eddie Irvine,FERRARI,45,0 days 01:21:58,4918,1,21,58
Hungary,1999-08-15,Mika Hakkinen,MCLAREN MERCEDES,77,0 days 01:46:23,6383,1,46,23
Belgium,1999-08-29,David Coulthard,MCLAREN MERCEDES,44,0 days 01:25:43,5143,1,25,43
Italy,1999-09-12,Heinz-Harald Frentzen,JORDAN MUGEN HONDA,53,0 days 01:17:02,4622,1,17,2
Germany,1999-09-26,Johnny Herbert,STEWART FORD,66,0 days 01:41:54,6114,1,41,54
Malaysia,1999-10-17,Eddie Irvine,FERRARI,56,0 days 01:36:38,5798,1,36,38
Japan,1999-10-31,Mika Hakkinen,MCLAREN MERCEDES,53,0 days 01:31:18,5478,1,31,18
Australia,2000-03-12,Michael Schumacher,FERRARI,58,0 days 01:34:01,5641,1,34,1
Brazil,2000-03-26,Michael Schumacher,FERRARI,71,0 days 01:31:25,5485,1,31,25
San Marino,2000-04-09,Michael Schumacher,FERRARI,62,0 days 01:31:29,5489,1,31,29
Great Britain,2000-04-23,David Coulthard,MERCEDES-BENZ,60,0 days 01:28:50,5330,1,28,50
Spain,2000-05-07,Mika Hakkinen,MERCEDES-BENZ,65,0 days 01:33:55,5635,1,33,55
Spain,2000-05-21,Michael Schumacher,FERRARI,67,0 days 01:42:00,6120,1,42,0
Monaco,2000-06-04,David Coulthard,MERCEDES-BENZ,78,0 days 01:49:28,6568,1,49,28
Canada,2000-06-18,Michael Schumacher,FERRARI,69,0 days 01:41:12,6072,1,41,12
France,2000-07-02,David Coulthard,MERCEDES-BENZ,72,0 days 01:38:05,5885,1,38,5
Austria,2000-07-16,Mika Hakkinen,MERCEDES-BENZ,71,0 days 01:28:15,5295,1,28,15
Germany,2000-07-30,Rubens Barrichello,FERRARI,45,0 days 01:25:34,5134,1,25,34
Hungary,2000-08-13,Mika Hakkinen,MERCEDES-BENZ,77,0 days 01:45:33,6333,1,45,33
Belgium,2000-08-27,Mika Hakkinen,MERCEDES-BENZ,44,0 days 01:28:14,5294,1,28,14
Italy,2000-09-10,Michael Schumacher,FERRARI,53,0 days 01:27:31,5251,1,27,31
United States,2000-09-24,Michael Schumacher,FERRARI,73,0 days 01:36:30,5790,1,36,30
Japan,2000-10-08,Michael Schumacher,FERRARI,53,0 days 01:29:53,5393,1,29,53
Malaysia,2000-10-22,Michael Schumacher,FERRARI,56,0 days 01:35:54,5754,1,35,54
Australia,2001-03-04,Michael Schumacher,FERRARI,58,0 days 01:38:26,5906,1,38,26
Malaysia,2001-03-18,Michael Schumacher,FERRARI,55,0 days 01:47:34,6454,1,47,34
Brazil,2001-04-01,David Coulthard,MERCEDES-BENZ,71,0 days 01:39:00,5940,1,39,0
San Marino,2001-04-15,Ralf Schumacher,BMW,62,0 days 01:30:44,5444,1,30,44
Spain,2001-04-29,Michael Schumacher,FERRARI,65,0 days 01:31:03,5463,1,31,3
Austria,2001-05-13,David Coulthard,MERCEDES-BENZ,71,0 days 01:27:45,5265,1,27,45
Monaco,2001-05-27,Michael Schumacher,FERRARI,78,0 days 01:47:22,6442,1,47,22
Canada,2001-06-10,Ralf Schumacher,BMW,69,0 days 01:34:31,5671,1,34,31
Germany,2001-06-24,Michael Schumacher,FERRARI,67,0 days 01:29:42,5382,1,29,42
France,2001-07-01,Michael Schumacher,FERRARI,72,0 days 01:33:35,5615,1,33,35
Great Britain,2001-07-15,Mika Hakkinen,MERCEDES-BENZ,60,0 days 01:25:33,5133,1,25,33
Germany,2001-07-29,Ralf Schumacher,BMW,45,0 days 01:18:17,4697,1,18,17
Hungary,2001-08-19,Michael Schumacher,FERRARI,77,0 days 01:41:49,6109,1,41,49
Belgium,2001-09-02,Michael Schumacher,FERRARI,36,0 days 01:08:05,4085,1,8,5
Italy,2001-09-16,Juan Pablo Montoya,BMW,53,0 days 01:16:58,4618,1,16,58
United States,2001-09-30,Mika Hakkinen,MERCEDES-BENZ,73,0 days 01:32:42,5562,1,32,42
Japan,2001-10-14,Michael Schumacher,FERRARI,53,0 days 01:27:33,5253,1,27,33
Australia,2002-03-03,Michael Schumacher,FERRARI,58,0 days 01:35:36,5736,1,35,36
Malaysia,2002-03-17,Ralf Schumacher,WILLIAMS BMW,56,0 days 01:34:12,5652,1,34,12
Brazil,2002-03-31,Michael Schumacher,FERRARI,71,0 days 01:31:43,5503,1,31,43
San Marino,2002-04-14,Michael Schumacher,FERRARI,62,0 days 01:29:10,5350,1,29,10
Spain,2002-04-28,Michael Schumacher,FERRARI,65,0 days 01:30:29,5429,1,30,29
Austria,2002-05-12,Michael Schumacher,FERRARI,71,0 days 01:33:51,5631,1,33,51
Monaco,2002-05-26,David Coulthard,MCLAREN MERCEDES,78,0 days 01:45:39,6339,1,45,39
Canada,2002-06-09,Michael Schumacher,FERRARI,70,0 days 01:33:36,5616,1,33,36
Germany,2002-06-23,Rubens Barrichello,FERRARI,60,0 days 01:35:07,5707,1,35,7
Great Britain,2002-07-07,Michael Schumacher,FERRARI,60,0 days 01:31:45,5505,1,31,45
France,2002-07-21,Michael Schumacher,FERRARI,72,0 days 01:32:09,5529,1,32,9
Germany,2002-07-28,Michael Schumacher,FERRARI,67,0 days 01:27:52,5272,1,27,52
Hungary,2002-08-18,Rubens Barrichello,FERRARI,77,0 days 01:41:49,6109,1,41,49
Belgium,2002-09-01,Michael Schumacher,FERRARI,44,0 days 01:21:20,4880,1,21,20
Italy,2002-09-15,Rubens Barrichello,FERRARI,53,0 days 01:16:19,4579,1,16,19
United States,2002-09-29,Rubens Barrichello,FERRARI,73,0 days 01:31:07,5467,1,31,7
Japan,2002-10-13,Michael Schumacher,FERRARI,53,0 days 01:26:59,5219,1,26,59
Australia,2003-03-09,David Coulthard,MCLAREN MERCEDES,58,0 days 01:34:42,5682,1,34,42
Malaysia,2003-03-23,Kimi Raikkonen,MCLAREN MERCEDES,56,0 days 01:32:22,5542,1,32,22
Brazil,2003-04-06,Giancarlo Fisichella,JORDAN FORD,54,0 days 01:31:17,5477,1,31,17
San Marino,2003-04-20,Michael Schumacher,FERRARI,62,0 days 01:28:12,5292,1,28,12
Spain,2003-05-04,Michael Schumacher,FERRARI,65,0 days 01:33:46,5626,1,33,46
Austria,2003-05-18,Michael Schumacher,FERRARI,69,0 days 01:24:04,5044,1,24,4
Monaco,2003-06-01,Juan Pablo Montoya,WILLIAMS BMW,78,0 days 01:42:19,6139,1,42,19
Canada,2003-06-15,Michael Schumacher,FERRARI,70,0 days 01:31:13,5473,1,31,13
Germany,2003-06-29,Ralf Schumacher,WILLIAMS BMW,60,0 days 01:34:43,5683,1,34,43
France,2003-07-06,Ralf Schumacher,WILLIAMS BMW,70,0 days 01:30:49,5449,1,30,49
Great Britain,2003-07-20,Rubens Barrichello,FERRARI,60,0 days 01:28:37,5317,1,28,37
Germany,2003-08-03,Juan Pablo Montoya,WILLIAMS BMW,67,0 days 01:28:48,5328,1,28,48
Hungary,2003-08-24,Fernando Alonso,RENAULT,70,0 days 01:39:01,5941,1,39,1
Italy,2003-09-14,Michael Schumacher,FERRARI,53,0 days 01:14:19,4459,1,14,19
United States,2003-09-28,Michael Schumacher,FERRARI,73,0 days 01:33:35,5615,1,33,35
Japan,2003-10-12,Rubens Barrichello,FERRARI,53,0 days 01:25:11,5111,1,25,11
Australia,2004-03-07,Michael Schumacher,FERRARI,58,0 days 01:24:15,5055,1,24,15
Malaysia,2004-03-21,Michael Schumacher,FERRARI,56,0 days 01:31:07,5467,1,31,7
Bahrain,2004-04-04,Michael Schumacher,FERRARI,57,0 days 01:28:34,5314,1,28,34
San Marino,2004-04-25,Michael Schumacher,FERRARI,62,0 days 01:26:19,5179,1,26,19
Spain,2004-05-09,Michael Schumacher,FERRARI,66,0 days 01:27:32,5252,1,27,32
Monaco,2004-05-23,Jarno Trulli,RENAULT,77,0 days 01:45:46,6346,1,45,46
Germany,2004-05-30,Michael Schumacher,FERRARI,60,0 days 01:32:35,5555,1,32,35
Canada,2004-06-13,Michael Schumacher,FERRARI,70,0 days 01:28:24,5304,1,28,24
United States,2004-06-20,Michael Schumacher,FERRARI,73,0 days 01:40:29,6029,1,40,29
France,2004-07-04,Michael Schumacher,FERRARI,70,0 days 01:30:18,5418,1,30,18
Great Britain,2004-07-11,Michael Schumacher,FERRARI,60,0 days 01:24:42,5082,1,24,42
Germany,2004-07-25,Michael Schumacher,FERRARI,66,0 days 01:23:54,5034,1,23,54
Hungary,2004-08-15,Michael Schumacher,FERRARI,70,0 days 01:35:26,5726,1,35,26
Belgium,2004-08-29,Kimi Raikkonen,MCLAREN MERCEDES,44,0 days 01:32:35,5555,1,32,35
Italy,2004-09-12,Rubens Barrichello,FERRARI,53,0 days 01:15:18,4518,1,15,18
China,2004-09-26,Rubens Barrichello,FERRARI,56,0 days 01:29:12,5352,1,29,12
Japan,2004-10-10,Michael Schumacher,FERRARI,53,0 days 01:24:26,5066,1,24,26
Brazil,2004-10-24,Juan Pablo Montoya,WILLIAMS BMW,71,0 days 01:28:01,5281,1,28,1
Australia,2005-03-06,Giancarlo Fisichella,RENAULT,57,0 days 01:24:17,5057,1,24,17
Malaysia,2005-03-20,Fernando Alonso,RENAULT,56,0 days 01:31:33,5493,1,31,33
Bahrain,2005-04-03,Fernando Alonso,RENAULT,57,0 days 01:29:18,5358,1,29,18
San Marino,2005-04-24,Fernando Alonso,RENAULT,62,0 days 01:27:41,5261,1,27,41
Spain,2005-05-08,Kimi Raikkonen,MCLAREN MERCEDES,66,0 days 01:27:16,5236,1,27,16
Monaco,2005-05-22,Kimi Raikkonen,MCLAREN MERCEDES,78,0 days 01:45:15,6315,1,45,15
Germany,2005-05-29,Fernando Alonso,RENAULT,59,0 days 01:31:46,5506,1,31,46
Canada,2005-06-12,Kimi Raikkonen,MCLAREN MERCEDES,70,0 days 01:32:09,5529,1,32,9
United States,2005-06-19,Michael Schumacher,FERRARI,73,0 days 01:29:43,5383,1,29,43
France,2005-07-03,Fernando Alonso,RENAULT,70,0 days 01:31:22,5482,1,31,22
Great Britain,2005-07-10,Juan Pablo Montoya,MCLAREN MERCEDES,60,0 days 01:24:29,5069,1,24,29
Germany,2005-07-24,Fernando Alonso,RENAULT,67,0 days 01:26:28,5188,1,26,28
Hungary,2005-07-31,Kimi Raikkonen,MCLAREN MERCEDES,70,0 days 01:37:25,5845,1,37,25
Turkey,2005-08-21,Kimi Raikkonen,MCLAREN MERCEDES,58,0 days 01:24:34,5074,1,24,34
Italy,2005-09-04,Juan Pablo Montoya,MCLAREN MERCEDES,53,0 days 01:14:28,4468,1,14,28
Belgium,2005-09-11,Kimi Raikkonen,MCLAREN MERCEDES,44,0 days 01:30:01,5401,1,30,1
Brazil,2005-09-25,Juan Pablo Montoya,MCLAREN MERCEDES,71,0 days 01:29:20,5360,1,29,20
Japan,2005-10-09,Kimi Raikkonen,MCLAREN MERCEDES,53,0 days 01:29:02,5342,1,29,2
China,2005-10-16,Fernando Alonso,RENAULT,56,0 days 01:39:53,5993,1,39,53
Bahrain,2006-03-12,Fernando Alonso,RENAULT,57,0 days 01:29:46,5386,1,29,46
Malaysia,2006-03-19,Giancarlo Fisichella,RENAULT,56,0 days 01:30:40,5440,1,30,40
Australia,2006-04-02,Fernando Alonso,RENAULT,57,0 days 01:34:27,5667,1,34,27
San Marino,2006-04-23,Michael Schumacher,FERRARI,62,0 days 01:31:06,5466,1,31,6
Germany,2006-05-07,Michael Schumacher,FERRARI,60,0 days 01:35:58,5758,1,35,58
Spain,2006-05-14,Fernando Alonso,RENAULT,66,0 days 01:26:21,5181,1,26,21
Monaco,2006-05-28,Fernando Alonso,RENAULT,78,0 days 01:43:43,6223,1,43,43
Great Britain,2006-06-11,Fernando Alonso,RENAULT,60,0 days 01:25:51,5151,1,25,51
Canada,2006-06-25,Fernando Alonso,RENAULT,70,0 days 01:34:37,5677,1,34,37
United States,2006-07-02,Michael Schumacher,FERRARI,73,0 days 01:34:35,5675,1,34,35
France,2006-07-16,Michael Schumacher,FERRARI,70,0 days 01:32:07,5527,1,32,7
Germany,2006-07-30,Michael Schumacher,FERRARI,67,0 days 01:27:51,5271,1,27,51
Hungary,2006-08-06,Jenson Button,HONDA,70,0 days 01:52:20,6740,1,52,20
Turkey,2006-08-27,Felipe Massa,FERRARI,58,0 days 01:28:51,5331,1,28,51
Italy,2006-09-10,Michael Schumacher,FERRARI,53,0 days 01:14:51,4491,1,14,51
China,2006-10-01,Michael Schumacher,FERRARI,56,0 days 01:37:32,5852,1,37,32
Japan,2006-10-08,Fernando Alonso,RENAULT,53,0 days 01:23:53,5033,1,23,53
Brazil,2006-10-22,Felipe Massa,FERRARI,71,0 days 01:31:53,5513,1,31,53
Australia,2007-03-18,Kimi Raikkonen,FERRARI,58,0 days 01:25:28,5128,1,25,28
Malaysia,2007-04-08,Fernando Alonso,MCLAREN MERCEDES,56,0 days 01:32:14,5534,1,32,14
Bahrain,2007-04-15,Felipe Massa,FERRARI,57,0 days 01:33:27,5607,1,33,27
Spain,2007-05-13,Felipe Massa,FERRARI,65,0 days 01:31:36,5496,1,31,36
Monaco,2007-05-27,Fernando Alonso,MCLAREN MERCEDES,78,0 days 01:40:29,6029,1,40,29
Canada,2007-06-10,Lewis Hamilton,MCLAREN MERCEDES,70,0 days 01:44:11,6251,1,44,11
United States,2007-06-17,Lewis Hamilton,MCLAREN MERCEDES,73,0 days 01:31:09,5469,1,31,9
France,2007-07-01,Kimi Raikkonen,FERRARI,70,0 days 01:30:54,5454,1,30,54
Great Britain,2007-07-08,Kimi Raikkonen,FERRARI,59,0 days 01:21:43,4903,1,21,43
Germany,2007-07-22,Fernando Alonso,MCLAREN MERCEDES,60,0 days 02:06:26,7586,2,6,26
Hungary,2007-08-05,Lewis Hamilton,MCLAREN MERCEDES,70,0 days 01:35:52,5752,1,35,52
Turkey,2007-08-26,Felipe Massa,FERRARI,58,0 days 01:26:42,5202,1,26,42
Italy,2007-09-09,Fernando Alonso,MCLAREN MERCEDES,53,0 days 01:18:37,4717,1,18,37
Belgium,2007-09-16,Kimi Raikkonen,FERRARI,44,0 days 01:20:39,4839,1,20,39
Japan,2007-09-30,Lewis Hamilton,MCLAREN MERCEDES,67,0 days 02:00:34,7234,2,0,34
China,2007-10-07,Kimi Raikkonen,FERRARI,56,0 days 01:37:58,5878,1,37,58
Brazil,2007-10-21,Kimi Raikkonen,FERRARI,71,0 days 01:28:15,5295,1,28,15
Australia,2008-03-16,Lewis Hamilton,MCLAREN MERCEDES,58,0 days 01:34:50,5690,1,34,50
Malaysia,2008-03-23,Kimi Raikkonen,FERRARI,56,0 days 01:31:18,5478,1,31,18
Bahrain,2008-04-06,Felipe Massa,FERRARI,57,0 days 01:31:06,5466,1,31,6
Spain,2008-04-27,Kimi Raikkonen,FERRARI,66,0 days 01:38:19,5899,1,38,19
Turkey,2008-05-11,Felipe Massa,FERRARI,58,0 days 01:26:49,5209,1,26,49
Monaco,2008-05-25,Lewis Hamilton,MCLAREN MERCEDES,76,0 days 02:00:42,7242,2,0,42
Canada,2008-06-08,Robert Kubica,SAUBER BMW,70,0 days 01:36:24,5784,1,36,24
France,2008-06-22,Felipe Massa,FERRARI,70,0 days 01:31:50,5510,1,31,50
Great Britain,2008-07-06,Lewis Hamilton,MCLAREN MERCEDES,60,0 days 01:39:09,5949,1,39,9
Germany,2008-07-20,Lewis Hamilton,MCLAREN MERCEDES,67,0 days 01:31:20,5480,1,31,20
Hungary,2008-08-03,Heikki Kovalainen,MCLAREN MERCEDES,70,0 days 01:37:27,5847,1,37,27
Spain,2008-08-24,Felipe Massa,FERRARI,57,0 days 01:35:32,5732,1,35,32
Belgium,2008-09-07,Felipe Massa,FERRARI,44,0 days 01:22:59,4979,1,22,59
Italy,2008-09-14,Sebastian Vettel,STR FERRARI,53,0 days 01:26:47,5207,1,26,47
Singapore,2008-09-28,Fernando Alonso,RENAULT,61,0 days 01:57:16,7036,1,57,16
Japan,2008-10-12,Fernando Alonso,RENAULT,67,0 days 01:30:21,5421,1,30,21
China,2008-10-19,Lewis Hamilton,MCLAREN MERCEDES,56,0 days 01:31:57,5517,1,31,57
Brazil,2008-11-02,Felipe Massa,FERRARI,71,0 days 01:34:11,5651,1,34,11
Australia,2009-03-29,Jenson Button,BRAWN MERCEDES,58,0 days 01:34:15,5655,1,34,15
Malaysia,2009-04-05,Jenson Button,BRAWN MERCEDES,31,0 days 00:55:30,3330,0,55,30
China,2009-04-19,Sebastian Vettel,RBR RENAULT,56,0 days 01:57:43,7063,1,57,43
Bahrain,2009-04-26,Jenson Button,BRAWN MERCEDES,57,0 days 01:31:48,5508,1,31,48
Spain,2009-05-10,Jenson Button,BRAWN MERCEDES,66,0 days 01:37:19,5839,1,37,19
Monaco,2009-05-24,Jenson Button,BRAWN MERCEDES,78,0 days 01:40:44,6044,1,40,44
Turkey,2009-06-07,Jenson Button,BRAWN MERCEDES,58,0 days 01:26:24,5184,1,26,24
Great Britain,2009-06-21,Sebastian Vettel,RBR RENAULT,60,0 days 01:22:49,4969,1,22,49
Germany,2009-07-12,Mark Webber,RBR RENAULT,60,0 days 01:36:43,5803,1,36,43
Hungary,2009-07-26,Lewis Hamilton,MCLAREN MERCEDES,70,0 days 01:38:23,5903,1,38,23
Spain,2009-08-23,Rubens Barrichello,BRAWN MERCEDES,57,0 days 01:35:51,5751,1,35,51
Belgium,2009-08-30,Kimi Raikkonen,FERRARI,44,0 days 01:23:50,5030,1,23,50
Italy,2009-09-13,Rubens Barrichello,BRAWN MERCEDES,53,0 days 01:16:21,4581,1,16,21
Singapore,2009-09-27,Lewis Hamilton,MCLAREN MERCEDES,61,0 days 01:56:06,6966,1,56,6
Japan,2009-10-04,Sebastian Vettel,RBR RENAULT,53,0 days 01:28:20,5300,1,28,20
Brazil,2009-10-18,Mark Webber,RBR RENAULT,71,0 days 01:32:23,5543,1,32,23
United Arab Emirates,2009-11-01,Sebastian Vettel,RBR RENAULT,55,0 days 01:34:03,5643,1,34,3
Bahrain,2010-03-14,Fernando Alonso,FERRARI,49,0 days 01:39:20,5960,1,39,20
Australia,2010-03-28,Jenson Button,MCLAREN MERCEDES,58,0 days 01:33:36,5616,1,33,36
Malaysia,2010-04-04,Sebastian Vettel,RBR RENAULT,56,0 days 01:33:48,5628,1,33,48
China,2010-04-18,Jenson Button,MCLAREN MERCEDES,56,0 days 01:46:42,6402,1,46,42
Spain,2010-05-09,Mark Webber,RBR RENAULT,66,0 days 01:35:44,5744,1,35,44
Monaco,2010-05-16,Mark Webber,RBR RENAULT,78,0 days 01:50:13,6613,1,50,13
Turkey,2010-05-30,Lewis Hamilton,MCLAREN MERCEDES,58,0 days 01:28:47,5327,1,28,47
Canada,2010-06-13,Lewis Hamilton,MCLAREN MERCEDES,70,0 days 01:33:53,5633,1,33,53
Spain,2010-06-27,Sebastian Vettel,RBR RENAULT,57,0 days 01:40:29,6029,1,40,29
Great Britain,2010-07-11,Mark Webber,RBR RENAULT,52,0 days 01:24:38,5078,1,24,38
Germany,2010-07-25,Fernando Alonso,FERRARI,67,0 days 01:27:38,5258,1,27,38
Hungary,2010-08-01,Mark Webber,RBR RENAULT,70,0 days 01:41:05,6065,1,41,5
Belgium,2010-08-29,Lewis Hamilton,MCLAREN MERCEDES,44,0 days 01:29:04,5344,1,29,4
Italy,2010-09-12,Fernando Alonso,FERRARI,53,0 days 01:16:24,4584,1,16,24
Singapore,2010-09-26,Fernando Alonso,FERRARI,61,0 days 01:57:53,7073,1,57,53
Japan,2010-10-10,Sebastian Vettel,RBR RENAULT,53,0 days 01:30:27,5427,1,30,27
South Korea,2010-10-24,Fernando Alonso,FERRARI,55,0 days 02:48:20,10100,2,48,20
Brazil,2010-11-07,Sebastian Vettel,RBR RENAULT,71,0 days 01:33:11,5591,1,33,11
United Arab Emirates,2010-11-14,Sebastian Vettel,RBR RENAULT,55,0 days 01:39:36,5976,1,39,36
Australia,2011-03-27,Sebastian Vettel,RED BULL RACING RENAULT,58,0 days 01:29:30,5370,1,29,30
Malaysia,2011-04-10,Sebastian Vettel,RED BULL RACING RENAULT,56,0 days 01:37:39,5859,1,37,39
China,2011-04-17,Lewis Hamilton,MCLAREN MERCEDES,56,0 days 01:36:58,5818,1,36,58
Turkey,2011-05-08,Sebastian Vettel,RED BULL RACING RENAULT,58,0 days 01:30:17,5417,1,30,17
Spain,2011-05-22,Sebastian Vettel,RED BULL RACING RENAULT,66,0 days 01:39:03,5943,1,39,3
Monaco,2011-05-29,Sebastian Vettel,RED BULL RACING RENAULT,78,0 days 02:09:38,7778,2,9,38
Canada,2011-06-12,Jenson Button,MCLAREN MERCEDES,70,0 days 04:04:39,14679,4,4,39
Spain,2011-06-26,Sebastian Vettel,RED BULL RACING RENAULT,57,0 days 01:39:36,5976,1,39,36
Great Britain,2011-07-10,Fernando Alonso,FERRARI,52,0 days 01:28:41,5321,1,28,41
Germany,2011-07-24,Lewis Hamilton,MCLAREN MERCEDES,60,0 days 01:37:30,5850,1,37,30
Hungary,2011-07-31,Jenson Button,MCLAREN MERCEDES,70,0 days 01:46:42,6402,1,46,42
Belgium,2011-08-28,Sebastian Vettel,RED BULL RACING RENAULT,44,0 days 01:26:44,5204,1,26,44
Italy,2011-09-11,Sebastian Vettel,RED BULL RACING RENAULT,53,0 days 01:20:46,4846,1,20,46
Singapore,2011-09-25,Sebastian Vettel,RED BULL RACING RENAULT,61,0 days 01:59:06,7146,1,59,6
Japan,2011-10-09,Jenson Button,MCLAREN MERCEDES,53,0 days 01:30:53,5453,1,30,53
South Korea,2011-10-16,Sebastian Vettel,RED BULL RACING RENAULT,55,0 days 01:38:01,5881,1,38,1
India,2011-10-30,Sebastian Vettel,RED BULL RACING RENAULT,60,0 days 01:30:35,5435,1,30,35
United Arab Emirates,2011-11-13,Lewis Hamilton,MCLAREN MERCEDES,55,0 days 01:37:11,5831,1,37,11
Brazil,2011-11-27,Mark Webber,RED BULL RACING RENAULT,71,0 days 01:32:17,5537,1,32,17
Australia,2012-03-18,Jenson Button,MCLAREN MERCEDES,58,0 days 01:34:09,5649,1,34,9
Malaysia,2012-03-25,Fernando Alonso,FERRARI,56,0 days 02:44:51,9891,2,44,51
China,2012-04-15,Nico Rosberg,MERCEDES-BENZ,56,0 days 01:36:26,5786,1,36,26
Bahrain,2012-04-22,Sebastian Vettel,RED BULL RACING RENAULT,57,0 days 01:35:10,5710,1,35,10
Spain,2012-05-13,Pastor Maldonado,WILLIAMS RENAULT,66,0 days 01:39:09,5949,1,39,9
Monaco,2012-05-27,Mark Webber,RED BULL RACING RENAULT,78,0 days 01:46:06,6366,1,46,6
Canada,2012-06-10,Lewis Hamilton,MCLAREN MERCEDES,70,0 days 01:32:29,5549,1,32,29
Spain,2012-06-24,Fernando Alonso,FERRARI,57,0 days 01:44:16,6256,1,44,16
Great Britain,2012-07-08,Mark Webber,RED BULL RACING RENAULT,52,0 days 01:25:11,5111,1,25,11
Germany,2012-07-22,Fernando Alonso,FERRARI,67,0 days 01:31:05,5465,1,31,5
Hungary,2012-07-29,Lewis Hamilton,MCLAREN MERCEDES,69,0 days 01:41:05,6065,1,41,5
Belgium,2012-09-02,Jenson Button,MCLAREN MERCEDES,44,0 days 01:29:08,5348,1,29,8
Italy,2012-09-09,Lewis Hamilton,MCLAREN MERCEDES,53,0 days 01:19:41,4781,1,19,41
Singapore,2012-09-23,Sebastian Vettel,RED BULL RACING RENAULT,59,0 days 02:00:26,7226,2,0,26
Japan,2012-10-07,Sebastian Vettel,RED BULL RACING RENAULT,53,0 days 01:28:56,5336,1,28,56
South Korea,2012-10-14,Sebastian Vettel,RED BULL RACING RENAULT,55,0 days 01:36:28,5788,1,36,28
India,2012-10-28,Sebastian Vettel,RED BULL RACING RENAULT,60,0 days 01:31:10,5470,1,31,10
United Arab Emirates,2012-11-04,Kimi Raikkonen,LOTUS RENAULT,55,0 days 01:45:58,6358,1,45,58
United States,2012-11-18,Lewis Hamilton,MCLAREN MERCEDES,56,0 days 01:35:55,5755,1,35,55
Brazil,2012-11-25,Jenson Button,MCLAREN MERCEDES,71,0 days 01:45:22,6322,1,45,22
Australia,2013-03-17,Kimi Raikkonen,LOTUS RENAULT,58,0 days 01:30:03,5403,1,30,3
Malaysia,2013-03-24,Sebastian Vettel,RED BULL RACING RENAULT,56,0 days 00:01:38.600000,98.6,0,1,38
China,2013-04-14,Fernando Alonso,FERRARI,56,0 days 01:36:26,5786,1,36,26
Bahrain,2013-04-21,Sebastian Vettel,RED BULL RACING RENAULT,57,0 days 01:36:00,5760,1,36,0
Spain,2013-05-12,Fernando Alonso,FERRARI,66,0 days 01:39:16,5956,1,39,16
Monaco,2013-05-26,Nico Rosberg,MERCEDES-BENZ,78,0 days 02:17:52,8272,2,17,52
Canada,2013-06-09,Sebastian Vettel,RED BULL RACING RENAULT,70,0 days 01:32:09,5529,1,32,9
Great Britain,2013-06-30,Nico Rosberg,MERCEDES-BENZ,52,0 days 01:32:59,5579,1,32,59
Germany,2013-07-07,Sebastian Vettel,RED BULL RACING RENAULT,60,0 days 01:41:14,6074,1,41,14
Hungary,2013-07-28,Lewis Hamilton,MERCEDES-BENZ,70,0 days 01:42:29,6149,1,42,29
Belgium,2013-08-25,Sebastian Vettel,RED BULL RACING RENAULT,44,0 days 01:23:42,5022,1,23,42
Italy,2013-09-08,Sebastian Vettel,RED BULL RACING RENAULT,53,0 days 01:18:33,4713,1,18,33
Singapore,2013-09-22,Sebastian Vettel,RED BULL RACING RENAULT,61,0 days 01:59:13,7153,1,59,13
South Korea,2013-10-06,Sebastian Vettel,RED BULL RACING RENAULT,55,0 days 01:43:13,6193,1,43,13
Japan,2013-10-13,Sebastian Vettel,RED BULL RACING RENAULT,53,0 days 01:26:49,5209,1,26,49
India,2013-10-27,Sebastian Vettel,RED BULL RACING RENAULT,60,0 days 01:31:12,5472,1,31,12
United Arab Emirates,2013-11-03,Sebastian Vettel,RED BULL RACING RENAULT,55,0 days 01:38:17,5897,1,38,17
United States,2013-11-17,Sebastian Vettel,RED BULL RACING RENAULT,56,0 days 01:39:17,5957,1,39,17
Brazil,2013-11-24,Sebastian Vettel,RED BULL RACING RENAULT,71,0 days 01:32:36,5556,1,32,36
Australia,2014-03-16,Nico Rosberg,MERCEDES-BENZ,57,0 days 01:32:58,5578,1,32,58
Malaysia,2014-03-30,Lewis Hamilton,MERCEDES-BENZ,56,0 days 01:40:25,6025,1,40,25
Bahrain,2014-04-06,Lewis Hamilton,MERCEDES-BENZ,57,0 days 01:39:42,5982,1,39,42
China,2014-04-20,Lewis Hamilton,MERCEDES-BENZ,54,0 days 01:33:28,5608,1,33,28
Spain,2014-05-11,Lewis Hamilton,MERCEDES-BENZ,66,0 days 01:41:05,6065,1,41,5
Monaco,2014-05-25,Nico Rosberg,MERCEDES-BENZ,78,0 days 01:49:27,6567,1,49,27
Canada,2014-06-08,Daniel Ricciardo,RED BULL RACING RENAULT,70,0 days 01:39:12,5952,1,39,12
Austria,2014-06-22,Nico Rosberg,MERCEDES-BENZ,71,0 days 01:27:54,5274,1,27,54
Great Britain,2014-07-06,Lewis Hamilton,MERCEDES-BENZ,52,0 days 02:26:52,8812,2,26,52
Germany,2014-07-20,Nico Rosberg,MERCEDES-BENZ,67,0 days 01:33:42,5622,1,33,42
Hungary,2014-07-27,Daniel Ricciardo,RED BULL RACING RENAULT,70,0 days 01:53:05,6785,1,53,5
Belgium,2014-08-24,Daniel Ricciardo,RED BULL RACING RENAULT,44,0 days 01:24:36,5076,1,24,36
Italy,2014-09-07,Lewis Hamilton,MERCEDES-BENZ,53,0 days 01:19:10,4750,1,19,10
Singapore,2014-09-21,Lewis Hamilton,MERCEDES-BENZ,60,0 days 02:00:04,7204,2,0,4
Japan,2014-10-05,Lewis Hamilton,MERCEDES-BENZ,44,0 days 01:51:43,6703,1,51,43
Russia,2014-10-21,Lewis Hamilton,MERCEDES-BENZ,53,0 days 01:31:50,5510,1,31,50
United States,2014-11-02,Lewis Hamilton,MERCEDES-BENZ,56,0 days 01:40:04,6004,1,40,4
Brazil,2014-11-09,Nico Rosberg,MERCEDES-BENZ,71,0 days 01:30:02,5402,1,30,2
United Arab Emirates,2014-11-23,Lewis Hamilton,MERCEDES-BENZ,55,0 days 01:39:02,5942,1,39,2
Australia,2015-03-15,Lewis Hamilton,MERCEDES-BENZ,58,0 days 01:31:54,5514,1,31,54
Malaysia,2015-03-29,Sebastian Vettel,FERRARI,56,0 days 01:41:05,6065,1,41,5
China,2015-04-12,Lewis Hamilton,MERCEDES-BENZ,56,0 days 01:39:42,5982,1,39,42
Bahrain,2015-04-19,Lewis Hamilton,MERCEDES-BENZ,57,0 days 01:35:05,5705,1,35,5
Spain,2015-05-10,Nico Rosberg,MERCEDES-BENZ,66,0 days 01:41:12,6072,1,41,12
Monaco,2015-05-24,Nico Rosberg,MERCEDES-BENZ,78,0 days 01:49:18,6558,1,49,18
Canada,2015-06-07,Lewis Hamilton,MERCEDES-BENZ,70,0 days 01:31:53,5513,1,31,53
Austria,2015-06-21,Nico Rosberg,MERCEDES-BENZ,71,0 days 01:30:16,5416,1,30,16
Great Britain,2015-07-05,Lewis Hamilton,MERCEDES-BENZ,52,0 days 01:31:27,5487,1,31,27
Hungary,2015-07-26,Sebastian Vettel,FERRARI,69,0 days 01:46:09,6369,1,46,9
Belgium,2015-08-23,Lewis Hamilton,MERCEDES-BENZ,43,0 days 01:23:40,5020,1,23,40
Italy,2015-09-06,Lewis Hamilton,MERCEDES-BENZ,53,0 days 01:18:00,4680,1,18,0
Singapore,2015-09-20,Sebastian Vettel,FERRARI,61,0 days 02:01:22,7282,2,1,22
Japan,2015-09-27,Lewis Hamilton,MERCEDES-BENZ,53,0 days 01:28:06,5286,1,28,6
Russia,2015-10-11,Lewis Hamilton,MERCEDES-BENZ,53,0 days 01:37:11,5831,1,37,11
United States,2015-10-25,Lewis Hamilton,MERCEDES-BENZ,56,0 days 01:50:52,6652,1,50,52
Mexico,2015-11-01,Nico Rosberg,MERCEDES-BENZ,71,0 days 01:42:35,6155,1,42,35
Brazil,2015-11-15,Nico Rosberg,MERCEDES-BENZ,71,0 days 01:31:09,5469,1,31,9
United Arab Emirates,2015-11-29,Nico Rosberg,MERCEDES-BENZ,55,0 days 01:38:30,5910,1,38,30
Australia,2016-03-20,Nico Rosberg,MERCEDES-BENZ,57,0 days 01:48:15,6495,1,48,15
Bahrain,2016-04-03,Nico Rosberg,MERCEDES-BENZ,57,0 days 01:33:34,5614,1,33,34
China,2016-04-17,Nico Rosberg,MERCEDES-BENZ,56,0 days 01:38:53,5933,1,38,53
Russia,2016-05-01,Nico Rosberg,MERCEDES-BENZ,53,0 days 01:32:41,5561,1,32,41
Spain,2016-05-15,Max Verstappen,RED BULL RACING TAG HEUER,66,0 days 01:41:40,6100,1,41,40
Monaco,2016-05-29,Lewis Hamilton,MERCEDES-BENZ,78,0 days 01:59:29,7169,1,59,29
Canada,2016-06-12,Lewis Hamilton,MERCEDES-BENZ,70,0 days 01:31:05,5465,1,31,5
Azerbaijan,2016-06-19,Nico Rosberg,MERCEDES-BENZ,51,0 days 01:32:52,5572,1,32,52
Austria,2016-07-03,Lewis Hamilton,MERCEDES-BENZ,71,0 days 01:27:38,5258,1,27,38
Great Britain,2016-07-10,Lewis Hamilton,MERCEDES-BENZ,52,0 days 01:34:55,5695,1,34,55
Hungary,2016-07-24,Lewis Hamilton,MERCEDES-BENZ,70,0 days 01:40:30,6030,1,40,30
Germany,2016-07-31,Lewis Hamilton,MERCEDES-BENZ,67,0 days 01:30:44,5444,1,30,44
Belgium,2016-08-28,Nico Rosberg,MERCEDES-BENZ,44,0 days 01:44:51,6291,1,44,51
Italy,2016-09-04,Nico Rosberg,MERCEDES-BENZ,53,0 days 01:17:28,4648,1,17,28
Singapore,2016-09-18,Nico Rosberg,MERCEDES-BENZ,61,0 days 01:55:48,6948,1,55,48
Malaysia,2016-10-02,Daniel Ricciardo,RED BULL RACING TAG HEUER,56,0 days 01:37:12,5832,1,37,12
Japan,2016-10-09,Nico Rosberg,MERCEDES-BENZ,53,0 days 01:26:43,5203,1,26,43
United States,2016-10-23,Lewis Hamilton,MERCEDES-BENZ,56,0 days 01:38:12,5892,1,38,12
Mexico,2016-10-30,Lewis Hamilton,MERCEDES-BENZ,71,0 days 01:40:31,6031,1,40,31
Brazil,2016-11-13,Lewis Hamilton,MERCEDES-BENZ,71,0 days 03:01:01,10861,3,1,1
United Arab Emirates,2016-11-27,Lewis Hamilton,MERCEDES-BENZ,55,0 days 01:38:04,5884,1,38,4
Australia,2017-03-26,Sebastian Vettel,FERRARI,57,0 days 01:24:11,5051,1,24,11
China,2017-04-09,Lewis Hamilton,MERCEDES-BENZ,56,0 days 01:37:36,5856,1,37,36
Bahrain,2017-04-16,Sebastian Vettel,FERRARI,57,0 days 01:33:53,5633,1,33,53
Russia,2017-04-30,Valtteri Bottas,MERCEDES-BENZ,52,0 days 01:28:08,5288,1,28,8
Spain,2017-05-14,Lewis Hamilton,MERCEDES-BENZ,66,0 days 01:35:56,5756,1,35,56
Monaco,2017-05-28,Sebastian Vettel,FERRARI,78,0 days 01:44:44,6284,1,44,44
Canada,2017-06-11,Lewis Hamilton,MERCEDES-BENZ,70,0 days 01:33:05,5585,1,33,5
Azerbaijan,2017-06-25,Daniel Ricciardo,RED BULL RACING TAG HEUER,51,0 days 02:03:55,7435,2,3,55
Austria,2017-07-09,Valtteri Bottas,MERCEDES-BENZ,71,0 days 01:21:48,4908,1,21,48
Great Britain,2017-07-16,Lewis Hamilton,MERCEDES-BENZ,51,0 days 01:21:48,4908,1,21,48
Hungary,2017-07-30,Sebastian Vettel,FERRARI,70,0 days 01:39:46,5986,1,39,46
Belgium,2017-08-27,Lewis Hamilton,MERCEDES-BENZ,44,0 days 01:24:42,5082,1,24,42
Italy,2017-09-03,Lewis Hamilton,MERCEDES-BENZ,53,0 days 01:15:32,4532,1,15,32
Singapore,2017-09-17,Lewis Hamilton,MERCEDES-BENZ,58,0 days 02:03:23,7403,2,3,23
Malaysia,2017-10-01,Max Verstappen,RED BULL RACING TAG HEUER,56,0 days 01:30:01,5401,1,30,1
Japan,2017-10-08,Lewis Hamilton,MERCEDES-BENZ,53,0 days 01:27:31,5251,1,27,31
United States,2017-10-22,Lewis Hamilton,MERCEDES-BENZ,56,0 days 01:33:50,5630,1,33,50
Mexico,2017-10-29,Max Verstappen,RED BULL RACING TAG HEUER,71,0 days 01:36:26,5786,1,36,26
Brazil,2017-11-12,Sebastian Vettel,FERRARI,71,0 days 01:31:26,5486,1,31,26
United Arab Emirates,2017-11-26,Valtteri Bottas,MERCEDES-BENZ,55,0 days 01:34:14,5654,1,34,14
Australia,2018-03-25,Sebastian Vettel,FERRARI,58,0 days 01:29:33,5373,1,29,33
Bahrain,2018-04-08,Sebastian Vettel,FERRARI,57,0 days 01:32:01,5521,1,32,1
China,2018-04-15,Daniel Ricciardo,RED BULL RACING TAG HEUER,56,0 days 01:35:36,5736,1,35,36
Azerbaijan,2018-04-29,Lewis Hamilton,MERCEDES-BENZ,51,0 days 01:43:44,6224,1,43,44
Spain,2018-05-13,Lewis Hamilton,MERCEDES-BENZ,66,0 days 01:35:29,5729,1,35,29
Monaco,2018-05-27,Daniel Ricciardo,RED BULL RACING TAG HEUER,78,0 days 01:42:54,6174,1,42,54
Canada,2018-06-10,Sebastian Vettel,FERRARI,68,0 days 01:28:31,5311,1,28,31
France,2018-06-24,Lewis Hamilton,MERCEDES-BENZ,53,0 days 01:30:11,5411,1,30,11
Austria,2018-07-01,Max Verstappen,RED BULL RACING TAG HEUER,71,0 days 01:21:56,4916,1,21,56
Great Britain,2018-07-08,Sebastian Vettel,FERRARI,52,0 days 01:27:29,5249,1,27,29
Germany,2018-07-22,Lewis Hamilton,MERCEDES-BENZ,67,0 days 01:32:29,5549,1,32,29
Hungary,2018-07-29,Lewis Hamilton,MERCEDES-BENZ,70,0 days 01:37:16,5836,1,37,16
Belgium,2018-08-26,Sebastian Vettel,FERRARI,44,0 days 01:23:34,5014,1,23,34
Italy,2018-09-02,Lewis Hamilton,MERCEDES-BENZ,53,0 days 01:16:54,4614,1,16,54
Singapore,2018-09-16,Lewis Hamilton,MERCEDES-BENZ,61,0 days 01:51:11,6671,1,51,11
Russia,2018-09-30,Lewis Hamilton,MERCEDES-BENZ,53,0 days 01:27:25,5245,1,27,25
Japan,2018-10-07,Lewis Hamilton,MERCEDES-BENZ,53,0 days 01:27:17,5237,1,27,17
United States,2018-10-21,Kimi Raikkonen,FERRARI,56,0 days 01:34:18,5658,1,34,18
Mexico,2018-10-28,Max Verstappen,RED BULL RACING TAG HEUER,71,0 days 01:38:28,5908,1,38,28
Brazil,2018-11-11,Lewis Hamilton,MERCEDES-BENZ,71,0 days 01:27:09,5229,1,27,9
United Arab Emirates,2018-11-25,Lewis Hamilton,MERCEDES-BENZ,55,0 days 01:39:40,5980,1,39,40
Australia,2019-03-17,Valtteri Bottas,MERCEDES-BENZ,58,0 days 01:25:27,5127,1,25,27
Bahrain,2019-03-31,Lewis Hamilton,MERCEDES-BENZ,57,0 days 01:34:21,5661,1,34,21
China,2019-04-14,Lewis Hamilton,MERCEDES-BENZ,56,0 days 01:32:06,5526,1,32,6
Azerbaijan,2019-04-28,Valtteri Bottas,MERCEDES-BENZ,51,0 days 01:31:52,5512,1,31,52
Spain,2019-05-12,Lewis Hamilton,MERCEDES-BENZ,66,0 days 01:35:50,5750,1,35,50
Monaco,2019-05-26,Lewis Hamilton,MERCEDES-BENZ,78,0 days 01:43:28,6208,1,43,28
Canada,2019-06-09,Lewis Hamilton,MERCEDES-BENZ,70,0 days 01:29:07,5347,1,29,7
France,2019-06-23,Lewis Hamilton,MERCEDES-BENZ,53,0 days 01:24:31,5071,1,24,31
Austria,2019-06-30,Max Verstappen,RED BULL RACING HONDA,71,0 days 01:22:01,4921,1,22,1
Great Britain,2019-07-14,Lewis Hamilton,MERCEDES-BENZ,52,0 days 01:21:08,4868,1,21,8
Germany,2019-07-28,Max Verstappen,RED BULL RACING HONDA,64,0 days 01:44:31,6271,1,44,31
Hungary,2019-08-04,Lewis Hamilton,MERCEDES-BENZ,70,0 days 01:35:03,5703,1,35,3
Belgium,2019-09-01,Charles Leclerc,FERRARI,44,0 days 01:23:45,5025,1,23,45
Italy,2019-09-08,Charles Leclerc,FERRARI,53,0 days 01:15:26,4526,1,15,26
Singapore,2019-09-22,Sebastian Vettel,FERRARI,61,0 days 01:58:33,7113,1,58,33
Russia,2019-09-29,Lewis Hamilton,MERCEDES-BENZ,53,0 days 01:33:38,5618,1,33,38
Japan,2019-10-13,Valtteri Bottas,MERCEDES-BENZ,52,0 days 01:21:46,4906,1,21,46
Mexico,2019-10-27,Lewis Hamilton,MERCEDES-BENZ,71,0 days 01:36:48,5808,1,36,48
United States,2019-11-03,Valtteri Bottas,MERCEDES-BENZ,56,0 days 01:33:55,5635,1,33,55
Brazil,2019-11-17,Max Verstappen,RED BULL RACING HONDA,71,0 days 01:33:14,5594,1,33,14
United Arab Emirates,2019-12-01,Lewis Hamilton,MERCEDES-BENZ,55,0 days 01:34:05,5645,1,34,5
Austria,2020-07-05,Valtteri Bottas,MERCEDES-BENZ,71,0 days 01:30:55,5455,1,30,55
Austria,2020-07-12,Lewis Hamilton,MERCEDES-BENZ,71,0 days 01:22:50,4970,1,22,50
Hungary,2020-07-19,Lewis Hamilton,MERCEDES-BENZ,70,0 days 01:36:12,5772,1,36,12
Great Britain,2020-08-02,Lewis Hamilton,MERCEDES-BENZ,52,0 days 01:28:01,5281,1,28,1
Great Britain,2020-08-09,Max Verstappen,RED BULL RACING HONDA,52,0 days 01:19:41,4781,1,19,41
Spain,2020-08-16,Lewis Hamilton,MERCEDES-BENZ,66,0 days 01:31:45,5505,1,31,45
Belgium,2020-08-30,Lewis Hamilton,MERCEDES-BENZ,44,0 days 01:24:08,5048,1,24,8
Italy,2020-09-06,Pierre Gasly,ALPHATAURI HONDA,53,0 days 01:47:06,6426,1,47,6
Italy,2020-09-13,Lewis Hamilton,MERCEDES-BENZ,59,0 days 02:19:35,8375,2,19,35
Russia,2020-09-27,Valtteri Bottas,MERCEDES-BENZ,53,0 days 01:34:00,5640,1,34,0
Germany,2020-10-11,Lewis Hamilton,MERCEDES-BENZ,60,0 days 01:35:49,5749,1,35,49
Portugal,2020-10-25,Lewis Hamilton,MERCEDES-BENZ,66,0 days 01:29:56,5396,1,29,56
Italy,2020-11-01,Lewis Hamilton,MERCEDES-BENZ,63,0 days 01:28:32,5312,1,28,32
Turkey,2020-11-15,Lewis Hamilton,MERCEDES-BENZ,58,0 days 01:42:19,6139,1,42,19
Bahrain,2020-11-29,Lewis Hamilton,MERCEDES-BENZ,57,0 days 02:59:47,10787,2,59,47
Bahrain,2020-12-06,Sergio Perez,RACING POINT BWT MERCEDES,87,0 days 01:31:15,5475,1,31,15
United Arab Emirates,2020-12-13,Max Verstappen,RED BULL RACING HONDA,55,0 days 01:36:28,5788,1,36,28
Bahrain,2021-03-28,Lewis Hamilton,MERCEDES-BENZ,56,0 days 01:32:03,5523,1,32,3
Italy,2021-04-18,Max Verstappen,RED BULL RACING HONDA,63,0 days 02:02:34,7354,2,2,34
Portugal,2021-05-02,Lewis Hamilton,MERCEDES-BENZ,66,0 days 01:34:31,5671,1,34,31
Spain,2021-05-09,Lewis Hamilton,MERCEDES-BENZ,66,0 days 01:33:07,5587,1,33,7
Monaco,2021-05-23,Max Verstappen,RED BULL RACING HONDA,78,0 days 01:38:56,5936,1,38,56
Azerbaijan,2021-06-06,Sergio Perez,RED BULL RACING HONDA,51,0 days 02:13:36,8016,2,13,36
France,2021-06-20,Max Verstappen,RED BULL RACING HONDA,53,0 days 01:27:25,5245,1,27,25
Austria,2021-06-27,Max Verstappen,RED BULL RACING HONDA,71,0 days 01:22:18,4938,1,22,18
Austria,2021-07-04,Max Verstappen,RED BULL RACING HONDA,71,0 days 01:23:54,5034,1,23,54
Great Britain,2021-07-18,Lewis Hamilton,MERCEDES-BENZ,52,0 days 01:58:23,7103,1,58,23
Hungary,2021-08-01,Esteban Ocon,ALPINE RENAULT,70,0 days 02:04:43,7483,2,4,43
Belgium,2021-08-29,Max Verstappen,RED BULL RACING HONDA,3,0 days 00:03:27,207,0,3,27
Netherlands,2021-09-05,Max Verstappen,RED BULL RACING HONDA,72,0 days 01:30:05,5405,1,30,5
Italy,2021-09-12,Daniel Ricciardo,MCLAREN MERCEDES,53,0 days 01:21:54,4914,1,21,54
Russia,2021-09-26,Lewis Hamilton,MERCEDES-BENZ,53,0 days 01:30:41,5441,1,30,41
Turkey,2021-10-10,Valtteri Bottas,MERCEDES-BENZ,58,0 days 01:31:04,5464,1,31,4
United States,2021-10-24,Max Verstappen,RED BULL RACING HONDA,56,0 days 01:34:36,5676,1,34,36
Mexico,2021-11-07,Max Verstappen,RED BULL RACING HONDA,71,0 days 01:38:39,5919,1,38,39
Brazil,2021-11-14,Lewis Hamilton,MERCEDES-BENZ,71,0 days 01:32:22,5542,1,32,22
Qatar,2021-11-21,Lewis Hamilton,MERCEDES-BENZ,57,0 days 01:24:28,5068,1,24,28
Saudi Arabia,2021-12-05,Lewis Hamilton,MERCEDES-BENZ,50,0 days 02:06:15,7575,2,6,15
United Arab Emirates,2021-12-12,Max Verstappen,RED BULL RACING HONDA,58,0 days 01:30:17,5417,1,30,17
Bahrain,2022-03-20,Charles Leclerc,FERRARI,57,0 days 01:37:33,5853,1,37,33
Saudi Arabia,2022-03-27,Max Verstappen,RED BULL RACING RBPT,50,0 days 01:24:19,5059,1,24,19
Australia,2022-04-10,Charles Leclerc,FERRARI,58,0 days 01:27:46,5266,1,27,46
Italy,2022-04-24,Max Verstappen,RED BULL RACING RBPT,63,0 days 01:32:07,5527,1,32,7
United States,2022-05-08,Max Verstappen,RED BULL RACING RBPT,57,0 days 01:34:24,5664,1,34,24
Spain,2022-05-22,Max Verstappen,RED BULL RACING RBPT,66,0 days 01:37:20,5840,1,37,20
Monaco,2022-05-29,Sergio Perez,RED BULL RACING RBPT,64,0 days 01:56:30,6990,1,56,30
Azerbaijan,2022-06-12,Max Verstappen,RED BULL RACING RBPT,51,0 days 01:34:05,5645,1,34,5
Canada,2022-06-19,Max Verstappen,RED BULL RACING RBPT,70,0 days 01:36:21,5781,1,36,21
Great Britain,2022-07-03,Carlos Sainz,FERRARI,52,0 days 02:17:50,8270,2,17,50
Austria,2022-07-10,Charles Leclerc,FERRARI,71,0 days 01:24:24,5064,1,24,24
France,2022-07-24,Max Verstappen,RED BULL RACING RBPT,53,0 days 01:30:02,5402,1,30,2
Hungary,2022-07-31,Max Verstappen,RED BULL RACING RBPT,70,0 days 01:39:35,5975,1,39,35
Belgium,2022-08-28,Max Verstappen,RED BULL RACING RBPT,44,0 days 01:25:52,5152,1,25,52
Netherlands,2022-09-04,Max Verstappen,RED BULL RACING RBPT,72,0 days 01:36:42,5802,1,36,42
Italy,2022-09-11,Max Verstappen,RED BULL RACING RBPT,53,0 days 01:20:27,4827,1,20,27
Singapore,2022-10-02,Sergio Perez,RED BULL RACING RBPT,59,0 days 02:02:20,7340,2,2,20
Japan,2022-10-09,Max Verstappen,RED BULL RACING RBPT,28,0 days 03:01:44,10904,3,1,44
United States,2022-10-23,Max Verstappen,RED BULL RACING RBPT,56,0 days 01:42:11,6131,1,42,11
Mexico,2022-10-30,Max Verstappen,RED BULL RACING RBPT,71,0 days 01:38:36,5916,1,38,36
Brazil,2022-11-13,George Russell,MERCEDES-BENZ,71,0 days 01:38:34,5914,1,38,34
United Arab Emirates,2022-11-20,Max Verstappen,RED BULL RACING RBPT,58,0 days 01:27:45,5265,1,27,45
Bahrain,2023-03-05,Max Verstappen,RED BULL RACING HONDA RBPT,57,0 days 01:33:56,5636,1,33,56
Saudi Arabia,2023-03-19,Sergio Perez,RED BULL RACING HONDA RBPT,50,0 days 01:21:14,4874,1,21,14
Australia,2023-04-02,Max Verstappen,RED BULL RACING HONDA RBPT,58,0 days 02:32:38,9158,2,32,38
Azerbaijan,2023-04-30,Sergio Perez,RED BULL RACING HONDA RBPT,51,0 days 01:32:38,5558,1,32,38
United States,2023-05-07,Max Verstappen,RED BULL RACING HONDA RBPT,57,0 days 01:27:38,5258,1,27,38
Monaco,2023-05-28,Max Verstappen,RED BULL RACING HONDA RBPT,78,0 days 01:48:51,6531,1,48,51
Spain,2023-06-04,Max Verstappen,RED BULL RACING HONDA RBPT,66,0 days 01:27:57,5277,1,27,57
Canada,2023-06-18,Max Verstappen,RED BULL RACING HONDA RBPT,70,0 days 01:33:58,5638,1,33,58
Austria,2023-07-02,Max Verstappen,RED BULL RACING HONDA RBPT,71,0 days 01:25:33,5133,1,25,33
Great Britain,2023-07-09,Max Verstappen,RED BULL RACING HONDA RBPT,52,0 days 01:25:16,5116,1,25,16
Hungary,2023-07-23,Max Verstappen,RED BULL RACING HONDA RBPT,70,0 days 01:38:08,5888,1,38,8
Belgium,2023-07-30,Max Verstappen,RED BULL RACING HONDA RBPT,44,0 days 01:22:30,4950,1,22,30
Netherlands,2023-08-27,Max Verstappen,RED BULL RACING HONDA RBPT,72,0 days 02:24:04,8644,2,24,4
Italy,2023-09-03,Max Verstappen,RED BULL RACING HONDA RBPT,51,0 days 01:13:41,4421,1,13,41
Singapore,2023-09-17,Carlos Sainz,FERRARI,62,0 days 01:46:37,6397,1,46,37
Japan,2023-09-24,Max Verstappen,RED BULL RACING HONDA RBPT,53,0 days 01:30:58,5458,1,30,58
Qatar,2023-10-08,Max Verstappen,RED BULL RACING HONDA RBPT,57,0 days 01:27:39,5259,1,27,39
United States,2023-10-22,Max Verstappen,RED BULL RACING HONDA RBPT,56,0 days 01:35:21,5721,1,35,21
Mexico,2023-10-29,Max Verstappen,RED BULL RACING HONDA RBPT,71,0 days 02:02:30,7350,2,2,30
Brazil,2023-11-05,Max Verstappen,RED BULL RACING HONDA RBPT,71,0 days 01:56:48,7008,1,56,48
United States,2023-11-18,Max Verstappen,RED BULL RACING HONDA RBPT,50,0 days 01:29:08,5348,1,29,8
United Arab Emirates,2023-11-26,Max Verstappen,RED BULL RACING HONDA RBPT,58,0 days 01:27:02,5222,1,27,2
Bahrain,2024-03-02,Max Verstappen,RED BULL RACING HONDA RBPT,57,0 days 01:31:44,5504,1,31,44
Saudi Arabia,2024-03-09,Max Verstappen,RED BULL RACING HONDA RBPT,50,0 days 01:20:43,4843,1,20,43
Australia,2024-03-24,Carlos Sainz,FERRARI,58,0 days 01:20:26,4826,1,20,26
Japan,2024-04-07,Max Verstappen,RED BULL RACING HONDA RBPT,53,0 days 01:54:23,6863,1,54,23
China,2024-04-21,Max Verstappen,RED BULL RACING HONDA RBPT,56,0 days 01:40:52,6052,1,40,52
United States,2024-05-05,Lando Norris,MCLAREN MERCEDES,57,0 days 01:30:49,5449,1,30,49
Italy,2024-05-19,Max Verstappen,RED BULL RACING HONDA RBPT,63,0 days 01:25:25,5125,1,25,25
Monaco,2024-05-26,Charles Leclerc,FERRARI,78,0 days 02:23:15,8595,2,23,15
Canada,2024-06-09,Max Verstappen,RED BULL RACING HONDA RBPT,70,0 days 01:45:47,6347,1,45,47
Spain,2024-06-23,Max Verstappen,RED BULL RACING HONDA RBPT,66,0 days 01:28:20,5300,1,28,20
Austria,2024-06-30,George Russell,MERCEDES-BENZ,71,0 days 01:24:22,5062,1,24,22
Great Britain,2024-07-07,Lewis Hamilton,MERCEDES-BENZ,52,0 days 01:22:27,4947,1,22,27
Hungary,2024-07-21,Oscar Piastri,MCLAREN MERCEDES,70,0 days 01:38:01,5881,1,38,1
Belgium,2024-07-28,Lewis Hamilton,MERCEDES-BENZ,44,0 days 01:19:57,4797,1,19,57